source,example_id,id,screen_verdict,review_decision,evidence,reviewer,applied
multilingual/disrpt/fra.sdrt.annodis.rels,9b62294c0a4784e6,multilingual-disrpt-fra-sdrt-annodis-rels-446e803606:train:1672,ok,retain,No clear exclusion evidence from this spot-check; this does not certify the task.,codex-manual,False
multilingual/disrpt/fra.sdrt.annodis.rels,6f9d4924b86d8e38,multilingual-disrpt-fra-sdrt-annodis-rels-446e803606:train:437,wrong,unresolved,Discourse taxonomy and omitted broader context require source review; elaboration versus narration is not settled by the screen.,codex-manual,False
tweet_eval/emoji,c195cad8c414db5d,tweet-eval-emoji-43b60cc2f5:train:9394,ok,retain,No clear exclusion evidence from this spot-check; this does not certify the task.,codex-manual,False
tweet_eval/emoji,292a5017683a67d3,tweet-eval-emoji-43b60cc2f5:train:8320,ambiguous,retain,Predicting the original emoji is intrinsically non-unique; other affectionate emojis do not prove a label error.,codex-manual,False
multilingual/language-identification,7581cce5d8074dc4,multilingual-language-identification-a6c8d7b3ca:train:13254,ok,retain,No clear exclusion evidence from this spot-check; this does not certify the task.,codex-manual,False
multilingual/language-identification,ae1733f3f926356b,multilingual-language-identification-a6c8d7b3ca:train:28506,malformed,discard-candidate,"The displayed text is English, while the one-hot target is Thai. Repetition does not justify the language mismatch.",codex-manual,False
multilingual/xstory_cloze/ar,c592a39b374e3ba9,multilingual-xstory-cloze-ar-eb9fe91f49:train:3,ok,retain,No clear exclusion evidence from this spot-check; this does not certify the task.,codex-manual,False
multilingual/xstory_cloze/ar,9b35cf791d615c74,multilingual-xstory-cloze-ar-eb9fe91f49:train:289,wrong,retain,"The gold ending says Nick wins and receives five dollars. The flag reason agrees he would not surrender, but its suggested A says he surrenders.",codex-manual,False
feasibilityQA,07140b752974c2df,feasibilityQA-421371c2a3:train:49,ok,retain,No clear exclusion evidence from this spot-check; this does not certify the task.,codex-manual,False
feasibilityQA,408c7d32091f414f,feasibilityQA-421371c2a3:train:383,wrong,discard-candidate,The premise counts school staff; the hypothesis expresses the staff count in dollars and is labeled True. The incompatible units corrupt the statement.,codex-manual,False
clinc_oos/plus,940e13238e621b01,clinc-oos-plus-1b9b3d1a5a:train:3655,ok,retain,No clear exclusion evidence from this spot-check; this does not certify the task.,codex-manual,False
clinc_oos/plus,3214596f4518cf4f,clinc-oos-plus-1b9b3d1a5a:train:2212,ambiguous,retain,It could be either is a defensible maybe intent. Vague wording is expected in an intent-classification task.,codex-manual,False
tweet_eval/stance_climate,5923c944b38fe517,tweet-eval-stance-climate-c151f3d75e:train:288,ok,retain,No clear exclusion evidence from this spot-check; this does not certify the task.,codex-manual,False
tweet_eval/stance_climate,8b752a1ecc33a6d5,tweet-eval-stance-climate-c151f3d75e:train:192,wrong,unresolved,"Heatwave discussion does not explicitly establish stance, but implicit stance conventions require source annotation review.",codex-manual,False
social_i_qa,0ff1e2d8b5f4bcf9,social-i-qa-d41f9445c6:train:16754,ok,retain,No clear exclusion evidence from this spot-check; this does not certify the task.,codex-manual,False
social_i_qa,2eea619998d8b904,social-i-qa-d41f9445c6:train:29861,malformed,unresolved,Unspecified Others and garbled hay-event options suggest a broken example; inspect the original item before exclusion.,codex-manual,False
HelpSteer3/preference,c78456c9d83183c3,HelpSteer3-preference-626b78407f:train:18739,ok,retain,No clear exclusion evidence from this spot-check; this does not certify the task.,codex-manual,False
HelpSteer3/preference,7ecf77046d646017,HelpSteer3-preference-626b78407f:train:4686,wrong,unresolved,Both code replies have flaws; chunking characters and averaging token IDs does not establish a uniquely better answer. Preference disagreement alone is insufficient.,codex-manual,False
civil_comments/severe_toxicity_share,a3d1d88763b3d564,google-civil-comments-22ba067369:train:802c5fd0139ca318:civil_comments-severe_toxicity_share,ok,retain,"The target is an annotator fraction, not objective binary truth; severity disagreement does not prove that this share is erroneous.",codex-manual,False
crowdflower/political-media-audience,21866cd86dbf2c6e,crowdflower-political-media-audience-87459b89a3:train:3776,ok,retain,No clear exclusion evidence from this spot-check; this does not certify the task.,codex-manual,False
crowdflower/political-media-audience,8826facf7e888f0b,crowdflower-political-media-audience-87459b89a3:train:1272,wrong,unresolved,"District and local-radio cues suggest constituency, but audience definitions require source review.",codex-manual,False
multilingual/indic_glue/iitp-pr.hi/sentiment,16f8e7b942f9b9dc,multilingual-indic-glue-iitp-pr-hi-sentiment-14341a7920:train:1186,ok,retain,No clear exclusion evidence from this spot-check; this does not certify the task.,codex-manual,False
multilingual/indic_glue/iitp-pr.hi/sentiment,13d398eff7019fe4,multilingual-indic-glue-iitp-pr-hi-sentiment-14341a7920:train:2149,wrong,unresolved,"Budget quality is plausibly negative, but sentiment around affordability and quality needs native-language/source adjudication.",codex-manual,False
syntactic-augmentation-nli,2457e73ecce79f9a,syntactic-augmentation-nli-1c82215119:train:5268,ok,retain,No clear exclusion evidence from this spot-check; this does not certify the task.,codex-manual,False
syntactic-augmentation-nli,09b60d76ad6301d4,syntactic-augmentation-nli-1c82215119:train:10924,malformed,unresolved,"Word order is corrupted, but the augmentation might intentionally test scrambled inputs. Inspect generation conventions before dropping.",codex-manual,False
multilingual/indic_glue/actsa-sc.te/sentiment,3d0b89a5ed846480,multilingual-indic-glue-actsa-sc-te-sentiment-a7227b12b3:train:2409,ok,retain,No clear exclusion evidence from this spot-check; this does not certify the task.,codex-manual,False
multilingual/indic_glue/actsa-sc.te/sentiment,e6a87d1ffc07a082,multilingual-indic-glue-actsa-sc-te-sentiment-a7227b12b3:train:3326,wrong,unresolved,The flag focuses on last-year treatment rather than this-year change; Telugu sentiment and annotation conventions remain unsettled.,codex-manual,False
pragmeval/pdtb,992377a0dfeb34be,pragmeval-pdtb-0d313c7bbc:train:8349,ok,retain,No clear exclusion evidence from this spot-check; this does not certify the task.,codex-manual,False
pragmeval/pdtb,7503b1d77aa9895e,pragmeval-pdtb-0d313c7bbc:train:8160,wrong,retain,The screen judges the causal relation inside text_B instead of the relation between text_A and text_B. Temporal succession remains defensible.,codex-manual,False
nli-veridicality-transitivity,0ef6f21dc190704d,nli-veridicality-transitivity-aedb9369e8:train:10048,ok,retain,No clear exclusion evidence from this spot-check; this does not certify the task.,codex-manual,False
nli-veridicality-transitivity,ce0b81f8100dafb3,nli-veridicality-transitivity-aedb9369e8:train:26484,wrong,retain,Acknowledges is factive under the intended template. Missing auxiliary verbs alone do not overturn this entailment label.,codex-manual,False
multilingual/xcsr/X-CSQA-fr,2a348f9209bcc017,multilingual-xcsr-X-CSQA-fr-03635e94fb:train:335,ok,retain,No clear exclusion evidence from this spot-check; this does not certify the task.,codex-manual,False
multilingual/xcsr/X-CSQA-fr,ad5e1efa0233075b,multilingual-xcsr-X-CSQA-fr-03635e94fb:train:357,ambiguous,discard-candidate,"French un vide denotes a vacuum/void, whereas the closet gold and Dyson option require an aspirateur. The translated question changes the intended object.",codex-manual,False
linguisticprobing/past_present,8efe87ec99f6dd24,linguisticprobing-past-present-c2e9fd9324:train:18914,ok,retain,No clear exclusion evidence from this spot-check; this does not certify the task.,codex-manual,False
linguisticprobing/past_present,4e7b019fa403112b,linguisticprobing-past-present-c2e9fd9324:train:13667,wrong,retain,Urged is the past-tense reporting verb; the quoted looks does not establish a present-tense gold.,codex-manual,False
HatemojiBuild,c583aeaeb5581908,HatemojiBuild-91618576d1:train:3202,ok,retain,No clear exclusion evidence from this spot-check; this does not certify the task.,codex-manual,False
HatemojiBuild,943633bc477e6467,HatemojiBuild-91618576d1:train:1383,wrong,unresolved,The displayed emoji statement does not establish hateful intent; inspect original annotation/context rather than trusting either label.,codex-manual,False
ethics/deontology,42179b6c472ea377,ethics-deontology-db12e8a4e6:train:15192,ok,retain,No clear exclusion evidence from this spot-check; this does not certify the task.,codex-manual,False
