source,kappa,repaired,audit
AES2-essay-scoring,0.316,False,jev-task-audit
AdjectiveScaleProbe-nli,0.64,False,jev-task-audit
AmbigNQ-clarifying-question,0.2099999999999999,False,jev-task-audit
BeaverTails,0.6799999999999999,False,jev-task-audit
CONDAQA,0.4825000000000001,False,jev-task-audit
CREAK,0.79,False,jev-task-audit
ConTRoL-nli,0.5575,False,jev-task-audit
Dilemmas_Disagreement,0.1499999999999999,False,jev-task-audit
Dynasent_Disagreement,-0.3299999999999999,False,jev-task-audit
FLD.v2/default,0.4750000000000001,True,jev-task-audit-repairs
FLD.v2/star,0.265,True,jev-task-audit-repairs
FLUTE,0.8300000000000001,False,jev-task-audit
FOL-nli,0.37,False,jev-task-audit
HatemojiBuild,0.48,False,jev-task-audit
HelpSteer/coherence,0.2812499999999999,False,jev-task-audit
HelpSteer/complexity,0.0437499999999999,False,jev-task-audit
HelpSteer/correctness,0.0687499999999999,False,jev-task-audit
HelpSteer/helpfulness,0.24375,False,jev-task-audit
HelpSteer/verbosity,0.25,False,jev-task-audit
HelpSteer2/coherence,0.6249999999999999,False,jev-task-audit
HelpSteer2/complexity,0.1,False,jev-task-audit
HelpSteer2/correctness,0.2062499999999999,False,jev-task-audit
HelpSteer2/helpfulness,0.175,False,jev-task-audit
HelpSteer2/verbosity,-0.0625,False,jev-task-audit
HelpSteer3/edit_quality,0.1899999999999999,False,jev-task-audit
HelpSteer3/feedback,0.1625,False,jev-task-audit
HelpSteer3/preference,0.5700000000000001,False,jev-task-audit
HelpSteer3/preference_strength,0.2766666666666666,False,jev-task-audit
HelpSteer3/principle,0.5,False,jev-task-audit
I2D2,0.56,False,jev-task-audit
IntentGrasp/all,0.3516835879121265,False,jev-task-audit
LogicNLI,0.4399999999999999,True,jev-task-audit-repairs
MOH,0.51,False,jev-task-audit
MSciNLI,0.3866666666666667,False,jev-task-audit
MedQA-USMLE-4-options-hf,0.82,False,jev-task-audit
PARADISE,0.7866666666666666,False,jev-task-audit
PARARULE-Plus,0.6000000000000001,False,jev-task-audit
PKU-SafeRLHF/helpfulness,0.3799999999999999,False,jev-task-audit
PKU-SafeRLHF/safety,0.4099999999999999,False,jev-task-audit
Pol_NLI,0.73,False,jev-task-audit
Politeness_Disagreement,0.1999999999999999,False,jev-task-audit
Prompt-injection-dataset/full,0.47,False,jev-task-audit
PromptShield,0.6399999999999999,False,jev-task-audit
ReSQ,0.3600000000000001,False,jev-task-audit
SBIC_Disagreement,0.3,False,jev-task-audit
SChem_Disagreement,-0.47,False,jev-task-audit
SDOH-NLI,0.97,False,jev-task-audit
SHP,0.33,False,jev-task-audit
SIGA-nli,0.0100000000000001,False,jev-task-audit
Sarcasm_News_Headline,0.4299999999999999,False,jev-task-audit
ScienceQA_text_only,0.8109527381845462,False,jev-task-audit
ShellRisk-Bench,0.75,False,jev-task-audit
SpaRTUN,0.4561219127693116,False,jev-task-audit
SpaceNLI,0.6775000000000001,False,jev-task-audit
Touche23-ValueEval,0.97,False,jev-task-audit
TroFi,0.6100000000000001,False,jev-task-audit
TuringBench,0.0263157894736842,False,jev-task-audit
UNLI,0.6142131979695431,False,jev-task-audit
UltraFeedback-paired,0.6699999999999999,False,jev-task-audit
VUAC,0.3400000000000001,False,jev-task-audit
WANLI,0.6775000000000001,False,jev-task-audit
acceptability-prediction,0.55,False,jev-task-audit
acceptability-prediction/binary_votes,0.65625,False,jev-task-audit
acceptability-prediction/rating_votes,0.4838709677419355,False,jev-task-audit
add_one_rte,0.77,False,jev-task-audit
ade_corpus_v2/Ade_corpus_v2_classification,0.6200000000000001,True,jev-task-audit-repairs
ag_news,0.8333333333333334,False,jev-task-audit
agent_action_safety,0.94,False,jev-task-audit
ai2_arc/ARC-Challenge/challenge,0.9600133288903698,False,jev-task-audit
ai2_arc/ARC-Easy/challenge,0.9866592551417454,False,jev-task-audit
amazon_counterfactual/en,0.8200000000000001,False,jev-task-audit
amazon_polarity/amazon_polarity,0.8999999999999999,False,jev-task-audit
ambient,0.52,False,jev-task-audit
anli/a1,0.6175,False,jev-task-audit
anli/a2,0.4900000000000001,False,jev-task-audit
anli/a3,0.3925,False,jev-task-audit
app_reviews,0.40625,False,jev-task-audit
apt,0.3899999999999999,False,jev-task-audit
arct,0.49,False,jev-task-audit
args_me,0.55,False,jev-task-audit
argument-feedback,-0.0274999999999998,False,jev-task-audit
art,0.6499999999999999,False,jev-task-audit
auditor_review,0.8200000000000001,False,jev-task-audit
autotnli,0.6499999999999999,False,jev-task-audit
avicenna,0.1200000000000001,False,jev-task-audit
babi_nli/basic-coreference,0.99,False,jev-task-audit
babi_nli/basic-deduction,1.0,False,jev-task-audit
babi_nli/basic-induction,0.09,False,jev-task-audit
babi_nli/compound-coreference,0.93,False,jev-task-audit
babi_nli/conjunction,0.95,False,jev-task-audit
babi_nli/counting,0.8999999999999999,False,jev-task-audit
babi_nli/indefinite-knowledge,0.8400000000000001,False,jev-task-audit
babi_nli/lists-sets,0.94,False,jev-task-audit
babi_nli/path-finding,0.5700000000000001,False,jev-task-audit
babi_nli/positional-reasoning,0.27,False,jev-task-audit
babi_nli/simple-negation,0.97,False,jev-task-audit
babi_nli/single-supporting-fact,1.0,False,jev-task-audit
babi_nli/size-reasoning,0.8,False,jev-task-audit
babi_nli/three-arg-relations,0.8500000000000001,False,jev-task-audit
babi_nli/three-supporting-facts,0.1799999999999999,False,jev-task-audit
babi_nli/time-reasoning,0.91,False,jev-task-audit
babi_nli/two-arg-relations,0.8200000000000001,False,jev-task-audit
babi_nli/two-supporting-facts,0.75,False,jev-task-audit
babi_nli/yes-no-questions,1.0,False,jev-task-audit
balanced-copa,1.0,False,jev-task-audit
banking77,0.7619078947368422,False,jev-task-audit
biosift-nli,0.74,False,jev-task-audit
blog_authorship_corpus/age,0.5125000000000001,False,jev-task-audit
blog_authorship_corpus/gender,0.3999999999999999,False,jev-task-audit
blog_authorship_corpus/job,0.2871794871794871,False,jev-task-audit
boolq-natural-perturbations,0.55,False,jev-task-audit
brainteasers/SP,0.6266666666666666,False,jev-task-audit
brainteasers/WP,0.5466666666666667,False,jev-task-audit
breaking_nli,0.6475000000000001,False,jev-task-audit
chaos-mnli-ambiguity/votes,0.4271356783919598,False,jev-task-audit
chatbot_arena_conversations,0.4299999999999999,False,jev-task-audit
chemprot/chemprot_full_source,-0.0835,True,jev-task-audit-repairs
cicero,0.7625000000000001,False,jev-task-audit
circa,0.8499999999999999,False,jev-task-audit
citation_intent,0.4600000000000001,False,jev-task-audit
civil_comments/identity_attack_share,0.9696969696969696,False,jev-task-audit
civil_comments/insult_share,0.6751269035532994,False,jev-task-audit
civil_comments/obscene_share,0.94,False,jev-task-audit
civil_comments/severe_toxicity_share,0.97,False,jev-task-audit
civil_comments/sexual_explicit_share,0.9899497487437184,False,jev-task-audit
civil_comments/threat_share,1.0,False,jev-task-audit
civil_comments/toxicity_share,0.8031088082901554,False,jev-task-audit
cladder,0.5800000000000001,False,jev-task-audit
clcd-english,0.8200000000000001,False,jev-task-audit
clinc_oos/plus,0.7584,False,jev-task-audit
cloth,0.6933333333333334,False,jev-task-audit
clutrr,0.3858823529411765,False,jev-task-audit
cnli,0.595,False,jev-task-audit
codah/codah,0.94,False,jev-task-audit
code_x_glue_cc_defect_detection,0.02,True,jev-task-audit-repairs
com2sense,0.7,False,jev-task-audit
commonsense_qa,0.8374999999999999,False,jev-task-audit
commonsense_qa_2.0,0.5800000000000001,False,jev-task-audit
conceptrules_v2,0.31,False,jev-task-audit
conj_nli,0.6925000000000001,False,jev-task-audit
conll2003/ner_tags,0.7468750000000002,False,jev-task-audit
contract-nli/contractnli_a/seg,0.5575,False,jev-task-audit
contract-nli/contractnli_b/full,0.67,False,jev-task-audit
corr2cause,0.0775000000000001,False,jev-task-audit
cos_e/v1.0,0.8875000000000001,False,jev-task-audit
cosmos_qa,0.7466666666666667,False,jev-task-audit
counterfactually-augmented-imdb,0.8500000000000001,False,jev-task-audit
counterfactually-augmented-snli,0.625,False,jev-task-audit
crowdflower/airline-sentiment,0.79,False,jev-task-audit
crowdflower/corporate-messaging,0.7000000000000001,False,jev-task-audit
crowdflower/economic-news,-0.1099999999999998,False,jev-task-audit
crowdflower/political-media-audience,0.47,False,jev-task-audit
crowdflower/political-media-bias,0.53,False,jev-task-audit
crowdflower/political-media-message,0.2125,False,jev-task-audit
crowdflower/sentiment_nuclear_power,0.5719298245614035,False,jev-task-audit
crowdflower/text_emotion,0.22,False,jev-task-audit
crowdflower/tweet_global_warming,0.52,False,jev-task-audit
cycic_classification,0.8899999999999999,False,jev-task-audit
cycic_multiplechoice,0.83125,False,jev-task-audit
dadc-limit-nli,0.76,False,jev-task-audit
dataset_train_nli,0.4299999999999999,False,jev-task-audit
dbpedia_14/dbpedia_14,0.9892307692307692,False,jev-task-audit
defeasible-nli/atomic,0.6200000000000001,False,jev-task-audit
defeasible-nli/snli,0.5900000000000001,False,jev-task-audit
defeasible-nli/social,0.6499999999999999,False,jev-task-audit
definite_pronoun_resolution,0.76,False,jev-task-audit
dgen,0.96,False,jev-task-audit
dialogue_nli,0.4600000000000001,False,jev-task-audit
discosense,0.2733333333333334,False,jev-task-audit
discovery/discovery,0.0797109826589595,True,jev-task-audit-repairs
disrpt/eng.dep.scidtb.rels,0.1965217391304348,True,jev-task-audit-repairs
dnc,0.29,False,jev-task-audit
dnd_style_intents,0.5165625,False,jev-task-audit
doc-nli,0.5800000000000001,False,jev-task-audit
docred,0.0551578947368421,False,jev-task-audit
dream,0.955,False,jev-task-audit
dynahate,0.3500000000000001,False,jev-task-audit
dynasent/r1_votes,0.68,False,jev-task-audit
dynasent/r2_votes,0.64,False,jev-task-audit
e-CARE,0.69,False,jev-task-audit
ekar_english,0.4333333333333333,False,jev-task-audit
emo/emo2019,0.2866666666666667,False,jev-task-audit
emotion,0.49,False,jev-task-audit
english-grading/cohesion,0.0062499999999999,False,jev-task-audit
english-grading/conventions,-0.18125,False,jev-task-audit
english-grading/grammar,-0.125,False,jev-task-audit
english-grading/phraseology,-0.20625,False,jev-task-audit
english-grading/syntax,-0.18125,False,jev-task-audit
english-grading/vocabulary,-0.2125,False,jev-task-audit
equate,0.5575,False,jev-task-audit
esci,0.16,False,jev-task-audit
ethics/commonsense,0.5,False,jev-task-audit
ethics/deontology,0.76,True,jev-task-audit-repairs
ethics/justice,0.75,False,jev-task-audit
ethics/virtue,0.5800000000000001,False,jev-task-audit
ethos/binary,0.7,False,jev-task-audit
ethos/multilabel,0.77,False,jev-task-audit
feasibilityQA,0.7,False,jev-task-audit
fever-evidence-related,1.0,False,jev-task-audit
few_rel/default,0.25,False,jev-task-audit
fig-qa,0.8799999999999999,False,jev-task-audit
financial_phrasebank/sentences_allagree,0.955,False,jev-task-audit
folio,0.7525,False,jev-task-audit
fool-me-twice,0.76,False,jev-task-audit
fracas,0.625,False,jev-task-audit
gen_debiased_nli/mnli_par_z,0.6025,False,jev-task-audit
gen_debiased_nli/mnli_seq_z,0.58,False,jev-task-audit
gen_debiased_nli/mnli_z_aug,0.685,False,jev-task-audit
gen_debiased_nli/snli_par_z,0.6175,False,jev-task-audit
gen_debiased_nli/snli_seq_z,0.6775000000000001,False,jev-task-audit
gen_debiased_nli/snli_z_aug,0.58,False,jev-task-audit
github-issue-similarity,0.8400000000000001,False,jev-task-audit
glue/cola,0.4499999999999999,False,jev-task-audit
glue/mnli,0.73,False,jev-task-audit
glue/mrpc,0.49,False,jev-task-audit
glue/qnli,0.8200000000000001,True,jev-task-audit-fixed
glue/qqp,0.73,False,jev-task-audit
glue/rte,0.74,False,jev-task-audit
glue/sst2,0.8899999999999999,False,jev-task-audit
glue/stsb,0.4618556701030928,False,jev-task-audit
glue/wnli,0.6399999999999999,False,jev-task-audit
go_emotions/simplified,0.2688888888888889,False,jev-task-audit
goal-step-wikihow/goal,0.9266666666666666,False,jev-task-audit
goal-step-wikihow/order,0.4299999999999999,False,jev-task-audit
goal-step-wikihow/step,0.9533333333333333,False,jev-task-audit
google_wellformed_query,0.1200000000000001,False,jev-task-audit
hans,0.8500000000000001,False,jev-task-audit
hate_speech18,0.55,False,jev-task-audit
hate_speech_offensive,0.7374999999999999,False,jev-task-audit
head_qa/en,0.8466666666666667,False,jev-task-audit
headline_cause/en_simple,0.7975,False,jev-task-audit
health_fact,0.4066666666666667,False,jev-task-audit
hellaswag,0.7799999999999999,False,jev-task-audit
help-nli,0.2199999999999999,False,jev-task-audit
hh-rlhf/harmless-base,0.3,False,jev-task-audit
hh-rlhf/helpful-base,0.3899999999999999,False,jev-task-audit
hh-rlhf/helpful-online,0.29,False,jev-task-audit
hh-rlhf/helpful-rejection-sampled,0.2299999999999999,False,jev-task-audit
hlgd,-0.1999999999999999,True,jev-task-audit-repairs
hope_edi/english,0.7525,False,jev-task-audit
hover,0.48,False,jev-task-audit
hover-3way/nli,0.0700000000000001,False,jev-task-audit
humicroedit/subtask-1,0.2199999999999999,False,jev-task-audit
humicroedit/subtask-2,0.3175000000000001,False,jev-task-audit
hyperpartisan_news,0.53,False,jev-task-audit
idioms-nli,0.33,False,jev-task-audit
imdb,0.8999999999999999,False,jev-task-audit
implicatures,0.6599999999999999,False,jev-task-audit
implicit-hate-stg1,0.1825000000000001,True,jev-task-audit-repairs
insincere-questions,0.8999999999999999,False,jev-task-audit
it-support-tickets,0.5683333333333334,False,jev-task-audit
jigsaw_toxicity,0.79,False,jev-task-audit
joci,0.3999999999999999,False,jev-task-audit
language-identification,0.9947368421052633,False,jev-task-audit
lewidi/hs_brexit,0.7934782608695652,False,jev-task-audit
lewidi/md_agreement,0.5,False,jev-task-audit
lewidi/mp,0.6381909547738693,False,jev-task-audit
lex_glue/case_hold,0.6062500000000001,False,jev-task-audit
lex_glue/ledgar,0.7676767676767677,False,jev-task-audit
lex_glue/scotus,0.7045454545454546,False,jev-task-audit
lex_glue/unfair_tos,0.6962499999999999,False,jev-task-audit
lexical_relation_classification/BLESS,0.772,False,jev-task-audit
lexical_relation_classification/CogALexV,0.8875,False,jev-task-audit
lexical_relation_classification/EVALution,0.58,False,jev-task-audit
lexical_relation_classification/K&H+N,0.5133333333333333,False,jev-task-audit
lexical_relation_classification/ROOT09,0.8125,False,jev-task-audit
liar,0.058,False,jev-task-audit
lifecycle-entailment,0.53,False,jev-task-audit
lingnli,0.76,False,jev-task-audit
linguisticprobing/bigram_shift,0.8600000000000001,True,jev-task-audit-repairs
linguisticprobing/coordination_inversion,0.1299999999999999,True,jev-task-audit-repairs
linguisticprobing/obj_number,0.4499999999999999,True,jev-task-audit-repairs
linguisticprobing/odd_man_out,0.3999999999999999,True,jev-task-audit-repairs
linguisticprobing/past_present,0.6599999999999999,True,jev-task-audit-repairs
linguisticprobing/sentence_length,0.088,True,jev-task-audit-repairs
linguisticprobing/subj_number,0.6399999999999999,True,jev-task-audit-repairs
linguisticprobing/top_constituents,0.4052631578947369,True,jev-task-audit-repairs
linguisticprobing/tree_depth,-0.0149999999999999,True,jev-task-audit-repairs
logical-entailment,0.02,True,jev-task-audit-repairs
logical-fallacy,0.415,False,jev-task-audit
logiqa,0.7266666666666667,False,jev-task-audit
logiqa-2.0-nli,0.26,False,jev-task-audit
lonli,0.8500000000000001,False,jev-task-audit
lsat-ar,0.45,False,jev-task-audit
lsat-rc,0.925,False,jev-task-audit
lsat_qa/all,0.4687499999999999,False,jev-task-audit
math_qa,0.6317103620474408,False,jev-task-audit
mc_taco,0.6699999999999999,False,jev-task-audit
mctest-nli,0.8799999999999999,False,jev-task-audit
medical_questions_pairs,0.5900000000000001,True,jev-task-audit-repairs
medmcqa,0.6466666666666666,False,jev-task-audit
mindgames,0.3500000000000001,False,jev-task-audit
missing-item-prediction/contrastive,0.97,False,jev-task-audit
monli,0.76,False,jev-task-audit
monotonicity-entailment,0.3999999999999999,False,jev-task-audit
moral_stories/full,0.77,False,jev-task-audit
mpe,0.2275,False,jev-task-audit
multilingual/AfriSenti-twitter-sentiment/amh,0.7224999999999999,False,jev-task-audit
multilingual/AfriSenti-twitter-sentiment/arq,0.5349999999999999,False,jev-task-audit
multilingual/AfriSenti-twitter-sentiment/ary,0.4675000000000001,False,jev-task-audit
multilingual/AfriSenti-twitter-sentiment/hau,0.2950000000000001,False,jev-task-audit
multilingual/AfriSenti-twitter-sentiment/ibo,0.3400000000000001,False,jev-task-audit
multilingual/AfriSenti-twitter-sentiment/kin,0.4825000000000001,False,jev-task-audit
multilingual/AfriSenti-twitter-sentiment/pcm,0.3925,False,jev-task-audit
multilingual/AfriSenti-twitter-sentiment/por,0.1000000000000001,False,jev-task-audit
multilingual/AfriSenti-twitter-sentiment/swa,0.2575,False,jev-task-audit
multilingual/AfriSenti-twitter-sentiment/tso,0.2575,False,jev-task-audit
multilingual/AfriSenti-twitter-sentiment/twi,0.2800000000000001,False,jev-task-audit
multilingual/AfriSenti-twitter-sentiment/yor,0.2950000000000001,False,jev-task-audit
multilingual/MLMA_hate_speech,0.2800000000000001,False,jev-task-audit
multilingual/NusaX-senti/ace,0.61,False,jev-task-audit
multilingual/NusaX-senti/ban,0.7224999999999999,False,jev-task-audit
multilingual/NusaX-senti/bbc,0.565,False,jev-task-audit
multilingual/NusaX-senti/bjn,0.7224999999999999,False,jev-task-audit
multilingual/NusaX-senti/bug,0.355,False,jev-task-audit
multilingual/NusaX-senti/eng,0.8125,False,jev-task-audit
multilingual/NusaX-senti/ind,0.8275,False,jev-task-audit
multilingual/NusaX-senti/jav,0.8200000000000001,False,jev-task-audit
multilingual/NusaX-senti/mad,0.5499999999999999,False,jev-task-audit
multilingual/NusaX-senti/min,0.745,False,jev-task-audit
multilingual/NusaX-senti/nij,0.5875,False,jev-task-audit
multilingual/NusaX-senti/sun,0.8125,False,jev-task-audit
multilingual/amazon_reviews_multi/all_languages,0.4812499999999999,False,jev-task-audit
multilingual/americas_nli/all_languages,0.0925000000000001,False,jev-task-audit
multilingual/clue/afqmc,0.3899999999999999,False,jev-task-audit
multilingual/clue/ocnli,0.58,False,jev-task-audit
multilingual/clue/tnews,0.5125000000000001,False,jev-task-audit
multilingual/disrpt/deu.rst.pcc.rels,0.2148,True,jev-task-audit-repairs
multilingual/disrpt/eus.rst.ert.rels,0.3578571428571428,True,jev-task-audit-repairs
multilingual/disrpt/fas.rst.prstc.rels,0.351875,True,jev-task-audit-repairs
multilingual/disrpt/fra.sdrt.annodis.rels,0.248235294117647,True,jev-task-audit-repairs
multilingual/disrpt/nld.rst.nldt.rels,0.2877419354838709,True,jev-task-audit-repairs
multilingual/disrpt/por.rst.cstn.rels,0.4838709677419355,True,jev-task-audit-repairs
multilingual/disrpt/rus.rst.rrt.rels,0.3976190476190476,True,jev-task-audit-repairs
multilingual/disrpt/spa.rst.rststb.rels,0.3466666666666667,True,jev-task-audit-repairs
multilingual/disrpt/tha.pdtb.tdtb.rels,0.5222500000000001,True,jev-task-audit-repairs
multilingual/disrpt/zho.rst.gcdt.rels,0.2766666666666666,True,jev-task-audit-repairs
multilingual/exams/multilingual,0.8065161792505281,False,jev-task-audit
multilingual/indic_glue/actsa-sc.te/sentiment,-0.0799999999999999,False,jev-task-audit
multilingual/indic_glue/bbca.hi/news,0.5584615384615385,False,jev-task-audit
multilingual/indic_glue/iitp-mr.hi/sentiment,0.4900000000000001,False,jev-task-audit
multilingual/indic_glue/iitp-pr.hi/sentiment,0.6475000000000001,False,jev-task-audit
multilingual/indic_glue/inltkh,0.7374999999999999,False,jev-task-audit
multilingual/indic_glue/inltkh.te/sentiment,0.385,False,jev-task-audit
multilingual/indic_glue/md.hi/discourse_mode,0.6040000000000001,False,jev-task-audit
multilingual/indic_glue/sna.bn/news,0.5860000000000001,False,jev-task-audit
multilingual/indic_glue/wstp,0.8466666666666667,False,jev-task-audit
multilingual/klue/nli,0.9025,False,jev-task-audit
multilingual/klue/sts,0.76,False,jev-task-audit
multilingual/klue/ynat,0.6441666666666666,False,jev-task-audit
multilingual/language-identification,1.0,False,jev-task-audit
multilingual/masakhanews/amh,0.8133333333333334,False,jev-task-audit
multilingual/masakhanews/eng,0.7420000000000001,False,jev-task-audit
multilingual/masakhanews/fra,0.7125,False,jev-task-audit
multilingual/masakhanews/hau,0.6733333333333333,False,jev-task-audit
multilingual/masakhanews/ibo,0.8079999999999999,False,jev-task-audit
multilingual/masakhanews/lin,0.82,False,jev-task-audit
multilingual/masakhanews/lug,0.6187499999999999,False,jev-task-audit
multilingual/masakhanews/orm,0.7687499999999999,False,jev-task-audit
multilingual/masakhanews/pcm,0.8812500000000001,False,jev-task-audit
multilingual/masakhanews/run,0.862,False,jev-task-audit
multilingual/masakhanews/sna,0.5533333333333333,False,jev-task-audit
multilingual/masakhanews/som,0.7725,False,jev-task-audit
multilingual/masakhanews/swa,0.7666666666666667,False,jev-task-audit
multilingual/masakhanews/tir,0.772,False,jev-task-audit
multilingual/masakhanews/xho,0.6625,False,jev-task-audit
multilingual/masakhanews/yor,0.83125,False,jev-task-audit
multilingual/massive,0.7864406779661017,False,jev-task-audit
multilingual/miam,0.307,False,jev-task-audit
multilingual/mms,0.445,False,jev-task-audit
multilingual/mtop,0.8183783783783783,False,jev-task-audit
multilingual/multilingual-NLI-26lang-2mil7,0.5125000000000001,False,jev-task-audit
multilingual/multilingual-sentiments/all,0.6025,False,jev-task-audit
multilingual/oasst1_pairwise_rlhf_reward,0.4299999999999999,False,jev-task-audit
multilingual/offenseval_2020/ar,0.8200000000000001,False,jev-task-audit
multilingual/offenseval_2020/da,0.6799999999999999,False,jev-task-audit
multilingual/offenseval_2020/gr,0.3,False,jev-task-audit
multilingual/offenseval_2020/tr,0.73,False,jev-task-audit
multilingual/offenseval_dravidian/kannada,0.4600000000000001,False,jev-task-audit
multilingual/offenseval_dravidian/malayalam,0.634,False,jev-task-audit
multilingual/offenseval_dravidian/tamil,0.5800000000000001,False,jev-task-audit
multilingual/paws-x/de,0.5900000000000001,False,jev-task-audit
multilingual/paws-x/en,0.6299999999999999,False,jev-task-audit
multilingual/paws-x/es,0.7,False,jev-task-audit
multilingual/paws-x/fr,0.69,False,jev-task-audit
multilingual/paws-x/ja,0.3799999999999999,False,jev-task-audit
multilingual/paws-x/ko,0.4499999999999999,False,jev-task-audit
multilingual/paws-x/zh,0.51,False,jev-task-audit
multilingual/tweet_sentiment_multilingual,0.5050000000000001,False,jev-task-audit
multilingual/tydi-as2-balanced,0.8200000000000001,False,jev-task-audit
multilingual/universal-joy,0.575,False,jev-task-audit
multilingual/wili_2018,0.7690170940170941,False,jev-task-audit
multilingual/x-fact,0.2285714285714286,False,jev-task-audit
multilingual/x-stance,0.6299999999999999,False,jev-task-audit
multilingual/xcopa/et,0.8500000000000001,False,jev-task-audit
multilingual/xcopa/ht,0.77,False,jev-task-audit
multilingual/xcopa/id,0.92,False,jev-task-audit
multilingual/xcopa/it,0.95,False,jev-task-audit
multilingual/xcopa/qu,0.4399999999999999,False,jev-task-audit
multilingual/xcopa/sw,0.7,False,jev-task-audit
multilingual/xcopa/ta,0.8799999999999999,False,jev-task-audit
multilingual/xcopa/th,0.8700000000000001,False,jev-task-audit
multilingual/xcopa/tr,0.8600000000000001,False,jev-task-audit
multilingual/xcopa/translation-et,0.8500000000000001,False,jev-task-audit
multilingual/xcopa/translation-ht,0.6499999999999999,False,jev-task-audit
multilingual/xcopa/translation-id,0.95,False,jev-task-audit
multilingual/xcopa/translation-it,0.96,False,jev-task-audit
multilingual/xcopa/translation-sw,0.71,False,jev-task-audit
multilingual/xcopa/translation-ta,0.8,False,jev-task-audit
multilingual/xcopa/translation-th,0.74,False,jev-task-audit
multilingual/xcopa/translation-tr,0.8200000000000001,False,jev-task-audit
multilingual/xcopa/translation-vi,0.91,False,jev-task-audit
multilingual/xcopa/translation-zh,0.93,False,jev-task-audit
multilingual/xcopa/vi,0.93,False,jev-task-audit
multilingual/xcopa/zh,0.95,False,jev-task-audit
multilingual/xcsr/X-CODAH-ar,0.7666666666666666,True,jev-task-audit-repairs
multilingual/xcsr/X-CODAH-de,0.8866666666666667,True,jev-task-audit-repairs
multilingual/xcsr/X-CODAH-en,0.9333333333333332,True,jev-task-audit-repairs
multilingual/xcsr/X-CODAH-es,0.86,True,jev-task-audit-repairs
multilingual/xcsr/X-CODAH-fr,0.8466666666666667,True,jev-task-audit-repairs
multilingual/xcsr/X-CODAH-hi,0.7799999999999999,True,jev-task-audit-repairs
multilingual/xcsr/X-CODAH-it,0.8666666666666667,True,jev-task-audit-repairs
multilingual/xcsr/X-CODAH-jap,0.7333333333333334,True,jev-task-audit-repairs
multilingual/xcsr/X-CODAH-nl,0.7999999999999999,True,jev-task-audit-repairs
multilingual/xcsr/X-CODAH-pl,0.8066666666666666,True,jev-task-audit-repairs
multilingual/xcsr/X-CODAH-pt,0.8466666666666667,True,jev-task-audit-repairs
multilingual/xcsr/X-CODAH-ru,0.8266666666666667,True,jev-task-audit-repairs
multilingual/xcsr/X-CODAH-sw,0.7066666666666667,True,jev-task-audit-repairs
multilingual/xcsr/X-CODAH-ur,0.7333333333333334,True,jev-task-audit-repairs
multilingual/xcsr/X-CODAH-vi,0.7599999999999999,True,jev-task-audit-repairs
multilingual/xcsr/X-CODAH-zh,0.7999999999999999,True,jev-task-audit-repairs
multilingual/xcsr/X-CSQA-ar,0.6687499999999998,True,jev-task-audit-repairs
multilingual/xcsr/X-CSQA-de,0.6062500000000001,True,jev-task-audit-repairs
multilingual/xcsr/X-CSQA-en,0.8124999999999999,True,jev-task-audit-repairs
multilingual/xcsr/X-CSQA-es,0.7062499999999999,True,jev-task-audit-repairs
multilingual/xcsr/X-CSQA-fr,0.7187499999999999,True,jev-task-audit-repairs
multilingual/xcsr/X-CSQA-hi,0.50625,True,jev-task-audit-repairs
multilingual/xcsr/X-CSQA-it,0.6437499999999998,True,jev-task-audit-repairs
multilingual/xcsr/X-CSQA-jap,0.5625,True,jev-task-audit-repairs
multilingual/xcsr/X-CSQA-nl,0.6625,True,jev-task-audit-repairs
multilingual/xcsr/X-CSQA-pl,0.56875,True,jev-task-audit-repairs
multilingual/xcsr/X-CSQA-pt,0.6875,True,jev-task-audit-repairs
multilingual/xcsr/X-CSQA-ru,0.6312499999999999,True,jev-task-audit-repairs
multilingual/xcsr/X-CSQA-sw,0.45,True,jev-task-audit-repairs
multilingual/xcsr/X-CSQA-ur,0.55625,True,jev-task-audit-repairs
multilingual/xcsr/X-CSQA-vi,0.6562499999999999,True,jev-task-audit-repairs
multilingual/xcsr/X-CSQA-zh,0.6562499999999999,True,jev-task-audit-repairs
multilingual/xglue/nc,0.7111111111111111,False,jev-task-audit
multilingual/xglue/qadsm,0.1699999999999999,False,jev-task-audit
multilingual/xglue/qam,0.3899999999999999,False,jev-task-audit
multilingual/xglue/wpr,-0.0375,False,jev-task-audit
multilingual/xlwic/xlwic_de_de,0.01,False,jev-task-audit
multilingual/xlwic/xlwic_en_ko,0.1,False,jev-task-audit
multilingual/xlwic/xlwic_fr_fr,0.07,False,jev-task-audit
multilingual/xlwic/xlwic_it_it,-0.02,False,jev-task-audit
multilingual/xnli,0.6625000000000001,False,jev-task-audit
multilingual/xstory_cloze/ar,0.98,False,jev-task-audit
multilingual/xstory_cloze/en,0.99,False,jev-task-audit
multilingual/xstory_cloze/es,0.99,False,jev-task-audit
multilingual/xstory_cloze/eu,0.99,False,jev-task-audit
multilingual/xstory_cloze/hi,0.99,False,jev-task-audit
multilingual/xstory_cloze/id,0.98,False,jev-task-audit
multilingual/xstory_cloze/my,0.93,False,jev-task-audit
multilingual/xstory_cloze/ru,0.99,False,jev-task-audit
multilingual/xstory_cloze/sw,0.97,False,jev-task-audit
multilingual/xstory_cloze/te,0.92,False,jev-task-audit
multilingual/xstory_cloze/zh,0.96,False,jev-task-audit
mutual,0.8866666666666667,False,jev-task-audit
nan-nli,0.625,False,jev-task-audit
natural-language-satisfiability,0.3500000000000001,False,jev-task-audit
naturallogic,0.6475000000000001,False,jev-task-audit
nlgraph,0.3899999999999999,False,jev-task-audit
nli-veridicality-transitivity,0.72,False,jev-task-audit
nli4ct_semeval2024,0.5700000000000001,False,jev-task-audit
nli_fever,0.3325000000000001,False,jev-task-audit
nope,0.4075,False,jev-task-audit
numer_sense,0.4599999999999999,False,jev-task-audit
oasst2/creativity,0.0101522842639593,False,jev-task-audit
oasst2/helpfulness,0.1710526315789473,False,jev-task-audit
oasst2/humor,0.3012820512820512,False,jev-task-audit
oasst2/quality,0.2371794871794871,False,jev-task-audit
oasst2/toxicity,0.4394329896907216,False,jev-task-audit
oasst2/violence,0.7779187817258884,False,jev-task-audit
oasst2_pairwise_rlhf_reward,0.4399999999999999,False,jev-task-audit
onestop_qa,0.98,False,jev-task-audit
open_question_type,0.4277777777777777,False,jev-task-audit
openbookqa,0.9333333333333332,False,jev-task-audit
parade,0.4299999999999999,False,jev-task-audit
patent-phrase-similarity,0.2388888888888888,True,jev-task-audit-repairs
path-naturalness-prediction,-0.35,False,jev-task-audit
paws/labeled_final,0.73,False,jev-task-audit
paws/labeled_swap,0.6000000000000001,False,jev-task-audit
persuasion,0.3885714285714286,False,jev-task-audit
phrase_similarity,0.3,False,jev-task-audit
piqa,0.8799999999999999,False,jev-task-audit
poem_sentiment,0.3466666666666667,False,jev-task-audit
pragmeval/emergent,0.565,True,jev-task-audit-repairs
pragmeval/emobank-arousal,0.4199999999999999,False,jev-task-audit
pragmeval/emobank-dominance,0.3400000000000001,False,jev-task-audit
pragmeval/emobank-valence,0.8,False,jev-task-audit
pragmeval/gum,0.46875,True,jev-task-audit-repairs
pragmeval/mrda,0.2911,False,jev-task-audit
pragmeval/pdtb,0.2,True,jev-task-audit-repairs
pragmeval/persuasiveness-claimtype,0.2688442211055276,False,jev-task-audit
pragmeval/persuasiveness-eloquence,0.52,False,jev-task-audit
pragmeval/persuasiveness-premisetype,0.5657142857142857,False,jev-task-audit
pragmeval/persuasiveness-relevance,0.29,False,jev-task-audit
pragmeval/persuasiveness-specificity,0.3,False,jev-task-audit
pragmeval/persuasiveness-strength,0.29,False,jev-task-audit
pragmeval/sarcasm,0.5700000000000001,False,jev-task-audit
pragmeval/squinky-formality,0.71,False,jev-task-audit
pragmeval/squinky-implicature,0.1499999999999999,False,jev-task-audit
pragmeval/squinky-informativeness,0.81,False,jev-task-audit
pragmeval/stac,0.3276470588235294,True,jev-task-audit-repairs
pragmeval/switchboard,0.441375,False,jev-task-audit
pragmeval/verifiability,0.25,False,jev-task-audit
privacy-200k-Mistral-Large-3,0.6124999999999999,False,jev-task-audit
prm800k_dpo/solution,0.8700000000000001,False,jev-task-audit
prm800k_dpo/step,0.69,False,jev-task-audit
probability_words_nli/reasoning_1hop,0.48,True,jev-task-audit-fixed
probability_words_nli/reasoning_2hop,0.3600000000000001,True,jev-task-audit-fixed
probability_words_nli/usnli,0.1399999999999999,True,jev-task-audit-fixed
procedural-typed-decisions/arithmetic,0.6312992061429951,False,procedural-level-calibration
procedural-typed-decisions/entity_belief_tracking,0.7897362964186743,False,procedural-level-calibration
procedural-typed-decisions/event_state_reconstruction,0.8408695652173914,False,procedural-level-calibration
procedural-typed-decisions/evidence_sufficiency,0.8446866485013624,False,procedural-level-calibration
procedural-typed-decisions/multi_view_adjudication,0.793913043478261,False,procedural-level-calibration
procedural-typed-decisions/needle_retrieval,0.7906884944736375,False,procedural-level-calibration
procedural-typed-decisions/partial_observation_calibration,0.4196891191709844,False,procedural-level-calibration
procedural-typed-decisions/policy_applicability,0.5652167693520308,False,procedural-level-calibration
procedural-typed-decisions/policy_under_uncertainty,0.4252099833211822,False,procedural-level-calibration
procedural-typed-decisions/record_aggregation,0.8331887976330153,False,procedural-level-calibration
procedural-typed-decisions/state_perturbation,0.6822033898305084,False,procedural-level-calibration
procedural-typed-decisions/table_lookup,0.9426731397502425,False,procedural-level-calibration
procedural-typed-decisions/taxonomy_routing,0.860329033056992,False,procedural-level-calibration
prompt-injection-dataset,0.5700000000000001,False,jev-task-audit
prompt-injections,0.6200000000000001,False,jev-task-audit
proofwriter,0.5575,False,jev-task-audit
propsegment/nli,0.4525,False,jev-task-audit
prost,0.9666666666666668,False,jev-task-audit
proto_qa/proto_qa,0.3514455639304661,False,jev-task-audit
puzzte,0.1000000000000001,False,jev-task-audit
qasc,0.92,False,jev-task-audit
quail,0.5666666666666668,False,jev-task-audit
quarel,0.91,False,jev-task-audit
quartz,0.75,False,jev-task-audit
race-c,0.9,False,jev-task-audit
race/high,0.86,False,jev-task-audit
race/middle,0.9266666666666666,False,jev-task-audit
recast/recast_factuality,0.28,False,jev-task-audit
recast/recast_megaveridicality,0.4299999999999999,False,jev-task-audit
recast/recast_ner,0.3500000000000001,False,jev-task-audit
recast/recast_puns,0.24,False,jev-task-audit
recast/recast_sentiment,0.6000000000000001,False,jev-task-audit
recast/recast_verbcorner,-0.05,False,jev-task-audit
recast/recast_verbnet,0.4399999999999999,False,jev-task-audit
recast_white/dpr,0.25,False,jev-task-audit
recast_white/fnplus,0.49,False,jev-task-audit
recast_white/sprl,0.4299999999999999,False,jev-task-audit
reclor,0.9466666666666668,False,jev-task-audit
regset,0.1699999999999999,False,jev-task-audit
resnli,0.8700000000000001,False,jev-task-audit
riddle_sense,0.8749999999999999,True,jev-task-audit-repairs
robustLR,0.6625000000000001,False,jev-task-audit
robust_nli/IS_CS,0.6025,False,jev-task-audit
robust_nli/LI_LI,0.6325000000000001,False,jev-task-audit
robust_nli/PI_CD,0.5499999999999999,False,jev-task-audit
robust_nli/PI_SP,0.76,False,jev-task-audit
robust_nli/ST_LM,0.7075000000000001,False,jev-task-audit
robust_nli/ST_NE,0.5425,False,jev-task-audit
robust_nli/ST_SE,0.76,False,jev-task-audit
robust_nli/ST_WO,0.6325000000000001,False,jev-task-audit
robust_nli_is_sd,0.8999999999999999,False,jev-task-audit
robust_nli_li_ts,0.8200000000000001,False,jev-task-audit
rotten_tomatoes,0.8300000000000001,False,jev-task-audit
ruletaker,0.74,False,jev-task-audit
rumoureval_2019/RumourEval2019,0.6466666666666666,False,jev-task-audit
safe-guard-prompt-injection,0.8899999999999999,False,jev-task-audit
scicite,0.4825000000000001,False,jev-task-audit
scientific-exaggeration-detection,0.3325000000000001,False,jev-task-audit
scifact_entailment,0.7000000000000001,False,jev-task-audit
sciie,0.4225,False,jev-task-audit
scinli,0.3333333333333333,False,jev-task-audit
sciq,0.96,False,jev-task-audit
scitail/snli_format,0.79,False,jev-task-audit
scone,0.8300000000000001,False,jev-task-audit
scruples/verdict_votes,0.4095477386934672,False,jev-task-audit
seahorse_summarization_evaluation,0.4199999999999999,False,jev-task-audit
sem_eval_2010_task_8,0.5777777777777776,False,jev-task-audit
semantic_fragments_nli,0.7224999999999999,False,jev-task-audit
sen-making/1,0.98,True,jev-task-audit-repairs
sen-making/2,0.97,False,jev-task-audit
sharc,0.5466666666666667,False,jev-task-audit
shell-safety-v2,0.4,False,jev-task-audit
sherliic,0.6000000000000001,False,jev-task-audit
sick/label,0.73,False,jev-task-audit
sick/relatedness,0.1486486486486486,False,jev-task-audit
silicone/dyda_da,0.6533333333333333,False,jev-task-audit
silicone/dyda_e,0.755,False,jev-task-audit
silicone/iemocap,0.3,False,jev-task-audit
silicone/maptask,0.3781818181818182,False,jev-task-audit
silicone/meld_e,0.5566666666666666,False,jev-task-audit
silicone/meld_s,0.385,False,jev-task-audit
silicone/oasis,0.395609756097561,False,jev-task-audit
silicone/sem,0.4600000000000001,False,jev-task-audit
simple_pair,0.925,False,jev-task-audit
sms_spam,0.49,False,jev-task-audit
snips_built_in_intents,0.95,False,jev-task-audit
snli,0.685,False,jev-task-audit
social_i_qa,0.73,False,jev-task-audit
spartqa-mchoice,0.3333333333333333,False,jev-task-audit
spartqa-yn,0.3250000000000001,False,jev-task-audit
stackoverflow-questions,0.1,False,jev-task-audit
starcon,0.8,False,jev-task-audit
stepgame,0.5050000000000001,False,jev-task-audit
strategy-qa,0.73,False,jev-task-audit
sts-companion,0.4471204188481675,False,jev-task-audit
subjectivity,0.52,False,jev-task-audit
summarize_from_feedback/comparisons,0.48,False,jev-task-audit
super_glue/axg,0.8799999999999999,False,jev-task-audit
super_glue/boolq,0.52,False,jev-task-audit
super_glue/boolq_passage,0.8,False,jev-task-audit
super_glue/cb,0.73,False,jev-task-audit
super_glue/copa,1.0,False,jev-task-audit
super_glue/multirc,0.76,True,jev-task-audit-repairs
super_glue/wic,0.04,True,jev-task-audit-repairs
swag/regular,0.7466666666666667,False,jev-task-audit
syntactic-augmentation-nli,0.4900000000000001,False,jev-task-audit
synthetic-instruct-gptj-pairwise,0.98,False,jev-task-audit
synthetic-retrieval-NLI/binary,1.0,False,jev-task-audit
synthetic-retrieval-NLI/count,0.6775000000000001,False,jev-task-audit
synthetic-retrieval-NLI/position,0.8950000000000001,False,jev-task-audit
tasksource_dpo_pairs,0.69,False,jev-task-audit
temporal-nli,0.445,False,jev-task-audit
tomi-nli,-0.2099999999999999,False,jev-task-audit
toxic-chat/toxicchat0124/jailbreaking,0.96,False,jev-task-audit
toxic-chat/toxicchat0124/toxicity,0.8799999999999999,False,jev-task-audit
toxic_conversations,0.56,False,jev-task-audit
toxigen-data/annotated,0.6200000000000001,False,jev-task-audit
tracie,-0.0799999999999999,False,jev-task-audit
trec,0.6173469387755102,False,jev-task-audit
tweet_eval/emoji,0.2736842105263158,False,jev-task-audit
tweet_eval/emotion,0.7933333333333333,False,jev-task-audit
tweet_eval/hate,0.32,False,jev-task-audit
tweet_eval/irony,0.6200000000000001,False,jev-task-audit
tweet_eval/offensive,0.5,False,jev-task-audit
tweet_eval/sentiment,0.5725,False,jev-task-audit
tweet_eval/stance_abortion,0.4375,False,jev-task-audit
tweet_eval/stance_atheism,0.2800000000000001,False,jev-task-audit
tweet_eval/stance_climate,0.6175,False,jev-task-audit
tweet_eval/stance_feminist,0.5499999999999999,False,jev-task-audit
tweet_eval/stance_hillary,0.6475000000000001,False,jev-task-audit
tweets_hate_speech_detection,0.8,False,jev-task-audit
twentyquestions,0.412,False,jev-task-audit
twitter-financial-news-sentiment,0.625,False,jev-task-audit
utilitarianism,0.32,False,jev-task-audit
vitaminc,0.6775000000000001,False,jev-task-audit
webgpt_comparisons,0.28,False,jev-task-audit
wice,0.6025,False,jev-task-audit
wiki_hop/original,0.426871292348269,False,jev-task-audit
wiki_qa,0.8,False,jev-task-audit
wikimedqa/medwiki,0.8685714285714285,False,jev-task-audit
wildguardmix-cleaned/prompt_harm,0.8799999999999999,False,jev-task-audit
wildguardmix-cleaned/response_harm,0.8600000000000001,False,jev-task-audit
wildguardmix-cleaned/response_refusal,0.8600000000000001,False,jev-task-audit
winodict,0.5800000000000001,False,jev-task-audit
winogrande/winogrande_xl,0.8,False,jev-task-audit
winowhy,0.54,False,jev-task-audit
wiqa,0.22,False,jev-task-audit
wnut_17/wnut_17,0.8158333333333332,False,jev-task-audit
wouldyourather,0.26,False,jev-task-audit
yahoo_answers_topics,0.6555555555555556,False,jev-task-audit
yelp_review_full/yelp_review_full,0.6062500000000001,False,jev-task-audit
