source,n,pg,split,transferable,trivial,malformed,trust,zone,interest,score
FOL-nli,50,0.545,0.42,0.89,0.133,0.105,1.0,1.0,1.324,1.323
natural-language-satisfiability,50,0.608,0.3,0.902,0.104,0.106,1.0,0.978,1.35,1.32
math_qa,50,0.55,0.52,0.86,0.096,0.217,1.0,1.0,1.312,1.312
robustLR,50,0.565,0.6,0.882,0.17,0.101,1.0,0.998,1.297,1.295
spartqa-yn,50,0.577,0.38,0.846,0.13,0.223,1.0,0.995,1.281,1.275
temporal-nli,50,0.556,0.26,0.852,0.168,0.124,1.0,1.0,1.268,1.268
scruples/verdict_votes,50,0.487,0.22,0.872,0.148,0.112,1.0,0.974,1.298,1.265
Politeness_Disagreement,50,0.579,0.32,0.848,0.151,0.11,1.0,0.994,1.272,1.265
procedural-typed-decisions/policy_under_uncertainty,50,0.535,0.24,0.846,0.164,0.084,1.0,0.998,1.264,1.262
spartqa-mchoice,50,0.617,0.58,0.845,0.107,0.241,1.0,0.971,1.291,1.254
logiqa,50,0.651,0.26,0.919,0.19,0.212,1.0,0.936,1.324,1.239
logiqa-2.0-nli,50,0.617,0.12,0.864,0.184,0.188,1.0,0.971,1.272,1.235
FLD.v2/default,50,0.51,0.38,0.828,0.168,0.224,1.0,0.989,1.244,1.231
ekar_english,50,0.523,0.28,0.879,0.297,0.14,1.0,0.995,1.23,1.225
Dilemmas_Disagreement,50,0.488,0.4,0.838,0.166,0.273,1.0,0.975,1.255,1.224
logical-entailment,50,0.54,0.04,0.798,0.149,0.074,1.0,0.999,1.224,1.223
nope,50,0.536,0.4,0.853,0.259,0.118,1.0,0.999,1.224,1.222
LogicNLI,50,0.498,0.36,0.876,0.24,0.31,0.99,0.982,1.256,1.221
emotion,50,0.524,0.24,0.83,0.11,0.34,0.96,0.996,1.275,1.219
humicroedit/subtask-2,50,0.535,0.12,0.844,0.248,0.141,1.0,0.998,1.22,1.218
anli/a3,50,0.569,0.44,0.832,0.228,0.126,1.0,0.998,1.218,1.215
implicit-hate-stg1,50,0.542,0.46,0.82,0.218,0.136,1.0,1.0,1.211,1.21
babi_nli/three-supporting-facts,50,0.529,0.22,0.796,0.168,0.152,1.0,0.997,1.212,1.209
propsegment/nli,50,0.54,0.18,0.815,0.211,0.148,1.0,0.999,1.21,1.209
lsat_qa/all,50,0.4,0.46,0.924,0.064,0.083,1.0,0.868,1.392,1.208
multilingual/amazon_reviews_multi/all_languages,50,0.511,0.28,0.782,0.131,0.116,1.0,0.99,1.216,1.205
lexical_relation_classification/EVALution,50,0.615,0.3,0.822,0.17,0.202,1.0,0.972,1.237,1.203
anli/a2,50,0.585,0.24,0.825,0.228,0.11,1.0,0.992,1.211,1.201
naturallogic,50,0.6,0.42,0.84,0.24,0.12,1.0,0.984,1.22,1.2
stepgame,50,0.528,0.26,0.82,0.119,0.346,0.954,0.997,1.26,1.198
syntactic-augmentation-nli,50,0.552,0.42,0.833,0.269,0.212,1.0,1.0,1.198,1.198
CONDAQA,50,0.51,0.26,0.821,0.223,0.216,1.0,0.989,1.21,1.196
simple_pair,50,0.581,0.58,0.822,0.236,0.076,1.0,0.994,1.204,1.196
multilingual/NusaX-senti/bbc,50,0.551,0.32,0.8,0.214,0.255,1.0,1.0,1.193,1.193
scientific-exaggeration-detection,50,0.507,0.12,0.792,0.173,0.295,1.0,0.988,1.206,1.191
multilingual/AfriSenti-twitter-sentiment/ary,50,0.565,0.28,0.814,0.242,0.268,1.0,0.999,1.193,1.191
babi_nli/basic-induction,50,0.583,0.04,0.797,0.198,0.088,1.0,0.993,1.198,1.189
mpe,50,0.614,0.54,0.802,0.171,0.119,1.0,0.973,1.217,1.184
procedural-typed-decisions/arithmetic,48,0.653,0.208,0.831,0.126,0.129,1.0,0.933,1.268,1.184
idioms-nli,50,0.596,0.12,0.805,0.216,0.104,1.0,0.986,1.197,1.181
mindgames,50,0.661,0.14,0.876,0.202,0.153,1.0,0.923,1.275,1.177
code_x_glue_cc_defect_detection,50,0.527,0.42,0.758,0.156,0.166,1.0,0.997,1.18,1.176
multilingual/NusaX-senti/mad,50,0.578,0.24,0.799,0.235,0.276,1.0,0.995,1.182,1.175
ConTRoL-nli,50,0.639,0.16,0.848,0.228,0.17,1.0,0.949,1.234,1.172
FLD.v2/star,50,0.449,0.36,0.827,0.148,0.176,1.0,0.935,1.253,1.172
multilingual/AfriSenti-twitter-sentiment/kin,50,0.56,0.52,0.812,0.294,0.186,1.0,0.999,1.165,1.164
robust_nli/ST_NE,50,0.64,0.28,0.838,0.226,0.221,1.0,0.949,1.225,1.162
defeasible-nli/social,50,0.656,0.12,0.849,0.198,0.285,1.0,0.93,1.25,1.162
nlgraph,50,0.671,0.08,0.84,0.126,0.269,1.0,0.91,1.277,1.162
multilingual/indic_glue/inltkh.te/sentiment,50,0.58,0.3,0.788,0.238,0.102,1.0,0.994,1.169,1.162
corr2cause,50,0.432,0.76,0.841,0.148,0.146,1.0,0.915,1.267,1.159
multilingual/NusaX-senti/ace,50,0.616,0.36,0.804,0.223,0.232,1.0,0.972,1.193,1.159
recast/recast_puns,50,0.538,0.14,0.775,0.231,0.255,1.0,0.999,1.16,1.158
SBIC_Disagreement,50,0.586,0.4,0.78,0.224,0.17,1.0,0.991,1.168,1.158
folio,50,0.678,0.26,0.88,0.19,0.072,1.0,0.901,1.285,1.157
monotonicity-entailment,50,0.605,0.16,0.821,0.285,0.076,1.0,0.98,1.178,1.155
help-nli,50,0.625,0.16,0.814,0.235,0.125,1.0,0.964,1.197,1.153
multilingual/xlwic/xlwic_fr_fr,50,0.582,0.04,0.802,0.285,0.158,1.0,0.993,1.16,1.151
super_glue/wic,50,0.6,0.14,0.801,0.262,0.167,1.0,0.984,1.17,1.151
multilingual/AfriSenti-twitter-sentiment/arq,50,0.514,0.34,0.823,0.325,0.243,1.0,0.991,1.16,1.151
lsat-ar,50,0.373,0.4,0.925,0.07,0.148,1.0,0.824,1.39,1.145
avicenna,50,0.535,0.04,0.83,0.366,0.157,1.0,0.998,1.147,1.145
multilingual/AfriSenti-twitter-sentiment/hau,50,0.466,0.4,0.801,0.203,0.302,0.998,0.954,1.2,1.143
joci,50,0.439,0.52,0.839,0.206,0.224,1.0,0.924,1.236,1.142
fracas,50,0.674,0.18,0.872,0.222,0.076,1.0,0.905,1.261,1.142
tomi-nli,50,0.635,0.0,0.797,0.198,0.093,1.0,0.953,1.198,1.142
nli_fever,50,0.528,0.22,0.814,0.338,0.093,1.0,0.997,1.145,1.141
hh-rlhf/helpful-rejection-sampled,50,0.581,0.22,0.78,0.264,0.236,1.0,0.994,1.148,1.141
monli,50,0.661,0.4,0.84,0.213,0.086,1.0,0.923,1.233,1.138
quail,50,0.621,0.2,0.829,0.307,0.296,1.0,0.967,1.176,1.137
multilingual/indic_glue/actsa-sc.te/sentiment,50,0.446,0.06,0.801,0.166,0.181,1.0,0.932,1.218,1.135
glue/stsb,49,0.451,0.388,0.853,0.286,0.08,1.0,0.938,1.21,1.135
multilingual/xcsr/X-CODAH-hi,50,0.62,0.24,0.86,0.377,0.245,1.0,0.968,1.172,1.134
silicone/sem,50,0.563,0.24,0.782,0.294,0.11,1.0,0.999,1.135,1.134
ethics/deontology,50,0.703,0.36,0.89,0.154,0.08,1.0,0.863,1.313,1.133
multilingual/offenseval_2020/gr,50,0.633,0.18,0.816,0.262,0.14,1.0,0.956,1.185,1.133
multilingual/tweet_sentiment_multilingual,50,0.547,0.34,0.799,0.339,0.124,1.0,1.0,1.13,1.129
lexical_relation_classification/K&H+N,50,0.641,0.24,0.812,0.244,0.138,1.0,0.947,1.19,1.127
sts-companion,48,0.472,0.271,0.834,0.324,0.117,1.0,0.961,1.172,1.126
recast/recast_megaveridicality,50,0.663,0.32,0.849,0.256,0.079,1.0,0.921,1.221,1.125
shell-safety-v2,50,0.522,0.24,0.816,0.375,0.212,1.0,0.995,1.128,1.123
multilingual/mms,50,0.587,0.24,0.784,0.301,0.122,1.0,0.991,1.134,1.123
recast_white/dpr,50,0.633,0.44,0.814,0.278,0.117,1.0,0.956,1.175,1.123
chaos-mnli-ambiguity/votes,49,0.615,0.184,0.753,0.198,0.179,1.0,0.972,1.154,1.122
SpaRTUN,50,0.569,0.24,0.81,0.112,0.404,0.896,0.998,1.254,1.121
anli/a1,50,0.654,0.28,0.828,0.254,0.088,1.0,0.932,1.201,1.119
lexical_relation_classification/BLESS,50,0.654,0.16,0.81,0.221,0.11,1.0,0.932,1.2,1.118
cladder,50,0.648,0.18,0.831,0.178,0.342,0.958,0.939,1.242,1.118
multilingual/multilingual-NLI-26lang-2mil7,50,0.644,0.28,0.81,0.254,0.162,1.0,0.944,1.183,1.117
ethics/commonsense,50,0.675,0.12,0.828,0.187,0.192,1.0,0.904,1.234,1.116
multilingual/xglue/qadsm,50,0.58,0.1,0.753,0.263,0.154,1.0,0.994,1.122,1.115
hh-rlhf/helpful-online,50,0.608,0.22,0.767,0.258,0.283,1.0,0.978,1.138,1.113
HelpSteer3/edit_quality,50,0.503,0.28,0.76,0.263,0.232,1.0,0.986,1.128,1.112
sem_eval_2010_task_8,50,0.488,0.28,0.792,0.308,0.215,1.0,0.975,1.138,1.11
UNLI,49,0.689,0.143,0.83,0.15,0.098,1.0,0.885,1.255,1.11
VUAC,50,0.616,0.16,0.791,0.301,0.268,1.0,0.972,1.14,1.109
hh-rlhf/harmless-base,50,0.552,0.2,0.753,0.292,0.218,1.0,1.0,1.107,1.107
multilingual/NusaX-senti/nij,50,0.611,0.32,0.806,0.248,0.342,0.958,0.976,1.182,1.105
multilingual/AfriSenti-twitter-sentiment/swa,50,0.461,0.44,0.786,0.247,0.286,1.0,0.95,1.162,1.104
babi_nli/positional-reasoning,50,0.687,0.12,0.825,0.161,0.078,1.0,0.887,1.244,1.103
contract-nli/contractnli_a/seg,49,0.69,0.265,0.842,0.185,0.106,1.0,0.882,1.25,1.102
tweet_eval/stance_feminist,50,0.634,0.24,0.816,0.323,0.222,1.0,0.954,1.154,1.102
Sarcasm_News_Headline,50,0.639,0.16,0.792,0.264,0.277,1.0,0.949,1.16,1.101
multilingual/masakhanews/lug,50,0.606,0.4,0.792,0.337,0.29,1.0,0.979,1.124,1.1
multilingual/AfriSenti-twitter-sentiment/por,50,0.501,0.42,0.796,0.36,0.134,1.0,0.984,1.116,1.098
multilingual/xlwic/xlwic_it_it,50,0.482,0.08,0.801,0.338,0.126,1.0,0.97,1.132,1.098
tracie,50,0.498,0.1,0.826,0.266,0.366,0.934,0.982,1.193,1.095
multilingual/xcsr/X-CSQA-pl,50,0.608,0.2,0.819,0.34,0.326,0.974,0.978,1.149,1.094
HelpSteer2/coherence,50,0.575,0.1,0.731,0.267,0.102,1.0,0.996,1.098,1.093
multilingual/xcsr/X-CSQA-ur,50,0.52,0.26,0.797,0.271,0.354,0.946,0.994,1.162,1.092
multilingual/AfriSenti-twitter-sentiment/pcm,50,0.507,0.34,0.803,0.221,0.376,0.924,0.988,1.192,1.089
sick/label,50,0.685,0.36,0.83,0.217,0.057,1.0,0.89,1.222,1.087
multilingual/xlwic/xlwic_en_ko,50,0.62,0.02,0.765,0.285,0.178,1.0,0.968,1.122,1.086
proofwriter,50,0.683,0.26,0.833,0.237,0.248,1.0,0.893,1.214,1.085
multilingual/multilingual-sentiments/all,50,0.637,0.26,0.778,0.276,0.178,1.0,0.951,1.14,1.084
lewidi/mp,50,0.682,0.26,0.816,0.21,0.264,1.0,0.895,1.211,1.083
privacy-200k-Mistral-Large-3,50,0.468,0.5,0.803,0.342,0.084,1.0,0.957,1.132,1.083
WANLI,50,0.7,0.2,0.857,0.219,0.078,1.0,0.867,1.248,1.082
tweet_eval/hate,50,0.553,0.2,0.78,0.289,0.347,0.953,1.0,1.136,1.082
multilingual/clue/ocnli,50,0.692,0.26,0.847,0.238,0.092,1.0,0.879,1.228,1.079
super_glue/boolq,50,0.661,0.1,0.744,0.151,0.142,1.0,0.923,1.168,1.078
pragmeval/squinky-implicature,50,0.535,0.18,0.812,0.16,0.424,0.876,0.999,1.232,1.078
I2D2,50,0.694,0.12,0.842,0.227,0.099,1.0,0.877,1.229,1.077
wouldyourather,50,0.536,0.2,0.688,0.218,0.12,1.0,0.999,1.079,1.077
crowdflower/political-media-audience,50,0.659,0.1,0.839,0.356,0.148,1.0,0.925,1.161,1.074
multilingual/xcsr/X-CODAH-sw,50,0.687,0.2,0.877,0.334,0.219,1.0,0.887,1.21,1.074
vitaminc,50,0.642,0.14,0.757,0.246,0.266,1.0,0.946,1.134,1.072
multilingual/AfriSenti-twitter-sentiment/amh,50,0.676,0.32,0.831,0.29,0.212,1.0,0.903,1.186,1.07
phrase_similarity,50,0.604,0.18,0.799,0.417,0.119,1.0,0.981,1.09,1.07
multilingual/xcopa/qu,50,0.624,0.2,0.746,0.275,0.266,1.0,0.964,1.108,1.069
babi_nli/path-finding,50,0.725,0.1,0.861,0.14,0.095,1.0,0.827,1.291,1.068
regset,50,0.507,0.32,0.659,0.157,0.134,1.0,0.988,1.08,1.067
yelp_review_full/yelp_review_full,50,0.679,0.16,0.772,0.174,0.125,1.0,0.899,1.185,1.065
PARARULE-Plus,50,0.71,0.22,0.866,0.236,0.074,1.0,0.852,1.248,1.063
pragmeval/persuasiveness-claimtype,50,0.467,0.28,0.759,0.288,0.302,0.998,0.955,1.115,1.063
multilingual/AfriSenti-twitter-sentiment/tso,50,0.477,0.58,0.794,0.394,0.292,1.0,0.965,1.097,1.059
webgpt_comparisons,50,0.564,0.24,0.704,0.287,0.186,1.0,0.999,1.06,1.059
pragmeval/persuasiveness-relevance,50,0.596,0.16,0.732,0.248,0.332,0.968,0.986,1.108,1.058
probability_words_nli/reasoning_2hop,50,0.724,0.12,0.863,0.169,0.113,1.0,0.828,1.278,1.058
tweet_eval/sentiment,50,0.636,0.14,0.791,0.364,0.119,1.0,0.953,1.109,1.057
blog_authorship_corpus/age,50,0.633,0.24,0.837,0.149,0.424,0.876,0.955,1.262,1.057
multilingual/AfriSenti-twitter-sentiment/yor,50,0.461,0.44,0.804,0.211,0.371,0.929,0.949,1.199,1.057
recast/recast_verbcorner,50,0.454,0.02,0.794,0.258,0.337,0.963,0.941,1.165,1.056
multilingual/xcsr/X-CSQA-ar,50,0.647,0.28,0.816,0.31,0.333,0.967,0.94,1.161,1.055
multilingual/NusaX-senti/bug,50,0.437,0.4,0.8,0.17,0.358,0.942,0.921,1.215,1.054
multilingual/xcsr/X-CODAH-ur,50,0.693,0.18,0.86,0.323,0.226,1.0,0.879,1.198,1.053
multilingual/paws-x/ja,50,0.629,0.12,0.778,0.363,0.126,1.0,0.959,1.096,1.052
pragmeval/persuasiveness-strength,50,0.543,0.34,0.791,0.198,0.418,0.882,1.0,1.192,1.051
cosmos_qa,50,0.681,0.2,0.815,0.286,0.22,1.0,0.896,1.172,1.05
multilingual/AfriSenti-twitter-sentiment/ibo,50,0.452,0.42,0.771,0.158,0.366,0.934,0.94,1.192,1.046
multilingual/indic_glue/iitp-mr.hi/sentiment,50,0.69,0.16,0.788,0.21,0.126,1.0,0.882,1.183,1.044
winowhy,50,0.654,0.08,0.844,0.308,0.36,0.94,0.933,1.19,1.043
crowdflower/sentiment_nuclear_power,50,0.66,0.2,0.771,0.29,0.115,1.0,0.925,1.126,1.042
recast/recast_factuality,50,0.672,0.16,0.784,0.275,0.236,1.0,0.909,1.146,1.042
TroFi,50,0.683,0.24,0.821,0.312,0.145,1.0,0.894,1.165,1.041
app_reviews,50,0.517,0.32,0.65,0.204,0.293,1.0,0.993,1.048,1.041
defeasible-nli/atomic,50,0.664,0.12,0.831,0.198,0.387,0.913,0.92,1.232,1.035
multilingual/klue/ynat,50,0.574,0.18,0.762,0.449,0.254,1.0,0.996,1.038,1.033
multilingual/universal-joy,50,0.616,0.12,0.844,0.286,0.415,0.885,0.972,1.201,1.033
apt,50,0.665,0.1,0.804,0.36,0.08,1.0,0.917,1.124,1.031
boolq-natural-perturbations,50,0.691,0.2,0.756,0.186,0.267,1.0,0.881,1.163,1.025
equate,50,0.72,0.24,0.838,0.224,0.078,1.0,0.836,1.226,1.025
AmbigNQ-clarifying-question,50,0.505,0.26,0.714,0.352,0.121,1.0,0.987,1.038,1.024
recast/recast_verbnet,50,0.704,0.2,0.802,0.224,0.115,1.0,0.861,1.19,1.024
Dynasent_Disagreement,50,0.409,0.04,0.758,0.193,0.146,1.0,0.881,1.162,1.023
pragmeval/persuasiveness-premisetype,50,0.417,0.26,0.77,0.248,0.3,1.0,0.893,1.146,1.023
HelpSteer3/preference,50,0.672,0.14,0.76,0.273,0.175,1.0,0.908,1.124,1.021
multilingual/americas_nli/all_languages,50,0.435,0.72,0.782,0.2,0.36,0.94,0.919,1.182,1.021
multilingual/masakhanews/xho,50,0.645,0.18,0.762,0.362,0.279,1.0,0.943,1.081,1.02
dynasent/r2_votes,50,0.641,0.38,0.726,0.3,0.082,1.0,0.947,1.076,1.019
multilingual/xcsr/X-CSQA-hi,50,0.599,0.22,0.792,0.262,0.408,0.892,0.984,1.161,1.019
pragmeval/sarcasm,50,0.69,0.18,0.828,0.295,0.322,0.978,0.882,1.18,1.018
oasst2_pairwise_rlhf_reward,50,0.653,0.26,0.743,0.307,0.157,1.0,0.934,1.09,1.017
pragmeval/emergent,50,0.655,0.14,0.777,0.368,0.24,1.0,0.931,1.093,1.017
multilingual/masakhanews/sna,50,0.622,0.18,0.782,0.308,0.367,0.933,0.966,1.128,1.017
gen_debiased_nli/mnli_par_z,50,0.715,0.32,0.844,0.274,0.112,1.0,0.843,1.207,1.017
multilingual/xcsr/X-CSQA-nl,50,0.63,0.18,0.814,0.339,0.377,0.923,0.959,1.144,1.013
multilingual/masakhanews/som,50,0.632,0.24,0.773,0.432,0.281,1.0,0.956,1.057,1.011
procedural-typed-decisions/policy_applicability,50,0.716,0.2,0.774,0.147,0.098,1.0,0.842,1.201,1.011
oasst2/humor,49,0.511,0.02,0.709,0.382,0.164,1.0,0.99,1.018,1.008
SHP,50,0.658,0.26,0.739,0.304,0.223,1.0,0.927,1.087,1.007
ethics/virtue,50,0.722,0.26,0.814,0.208,0.25,1.0,0.832,1.21,1.007
PKU-SafeRLHF/helpfulness,50,0.669,0.2,0.748,0.289,0.211,1.0,0.913,1.104,1.007
SpaceNLI,50,0.734,0.16,0.848,0.221,0.053,1.0,0.813,1.237,1.006
pragmeval/emobank-arousal,50,0.607,0.12,0.747,0.209,0.401,0.899,0.979,1.142,1.005
cicero,50,0.698,0.08,0.849,0.284,0.344,0.956,0.871,1.207,1.005
multilingual/xcsr/X-CODAH-vi,50,0.721,0.22,0.886,0.367,0.122,1.0,0.834,1.203,1.002
multilingual/xcsr/X-CSQA-de,50,0.689,0.14,0.815,0.364,0.249,1.0,0.885,1.133,1.002
multilingual/xcsr/X-CSQA-it,50,0.674,0.12,0.804,0.396,0.236,1.0,0.906,1.106,1.002
ethics/justice,50,0.756,0.1,0.864,0.152,0.133,1.0,0.775,1.288,0.998
tweet_eval/stance_abortion,50,0.623,0.18,0.76,0.268,0.382,0.918,0.966,1.126,0.998
dynasent/r1_votes,50,0.675,0.24,0.738,0.273,0.099,1.0,0.904,1.102,0.996
conj_nli,50,0.727,0.24,0.847,0.28,0.07,1.0,0.824,1.207,0.995
multilingual/xlwic/xlwic_de_de,50,0.4,0.02,0.794,0.296,0.16,1.0,0.868,1.146,0.994
robust_nli/IS_CS,50,0.738,0.14,0.852,0.237,0.091,1.0,0.805,1.233,0.993
AdjectiveScaleProbe-nli,50,0.727,0.26,0.83,0.25,0.092,1.0,0.824,1.205,0.992
probability_words_nli/reasoning_1hop,50,0.753,0.12,0.871,0.194,0.078,1.0,0.779,1.274,0.992
counterfactually-augmented-snli,50,0.738,0.22,0.826,0.188,0.078,1.0,0.805,1.232,0.991
parade,50,0.689,0.24,0.728,0.218,0.285,1.0,0.885,1.119,0.99
multilingual/indic_glue/md.hi/discourse_mode,50,0.479,0.24,0.692,0.338,0.262,1.0,0.967,1.023,0.989
HelpSteer/coherence,50,0.43,0.08,0.761,0.351,0.188,1.0,0.911,1.086,0.989
dnd_style_intents,50,0.552,0.3,0.722,0.206,0.416,0.884,1.0,1.119,0.989
toxigen-data/annotated,50,0.716,0.1,0.795,0.249,0.302,0.998,0.842,1.17,0.984
acceptability-prediction/rating_votes,47,0.491,0.319,0.67,0.326,0.228,1.0,0.978,1.007,0.984
robust_nli/ST_WO,50,0.731,0.18,0.831,0.234,0.31,0.99,0.818,1.214,0.983
nan-nli,50,0.733,0.16,0.858,0.301,0.068,1.0,0.814,1.208,0.982
lewidi/md_agreement,50,0.646,0.2,0.773,0.192,0.414,0.886,0.942,1.177,0.982
robust_nli/PI_CD,50,0.746,0.16,0.835,0.19,0.072,1.0,0.792,1.24,0.982
multilingual/xnli,50,0.739,0.28,0.853,0.265,0.088,1.0,0.803,1.22,0.981
multilingual/xcsr/X-CODAH-jap,50,0.723,0.16,0.854,0.344,0.176,1.0,0.83,1.182,0.981
numer_sense,50,0.422,0.44,0.696,0.214,0.296,1.0,0.9,1.089,0.98
tweet_eval/stance_climate,50,0.681,0.34,0.767,0.346,0.266,1.0,0.896,1.094,0.98
sharc,50,0.545,0.26,0.711,0.274,0.388,0.912,1.0,1.074,0.979
MSciNLI,50,0.39,0.3,0.779,0.262,0.3,1.0,0.852,1.148,0.978
subjectivity,50,0.674,0.58,0.804,0.447,0.08,1.0,0.905,1.08,0.978
dnc,50,0.688,0.18,0.776,0.345,0.211,1.0,0.886,1.104,0.977
multilingual/masakhanews/hau,50,0.621,0.12,0.737,0.455,0.285,1.0,0.968,1.01,0.977
medmcqa,50,0.658,0.12,0.641,0.177,0.175,1.0,0.927,1.052,0.976
multilingual/xcsr/X-CODAH-pl,50,0.733,0.14,0.867,0.337,0.195,1.0,0.814,1.198,0.976
multilingual/x-stance,50,0.713,0.04,0.773,0.244,0.266,1.0,0.847,1.151,0.975
oasst2/toxicity,45,0.548,0.022,0.708,0.469,0.173,1.0,1.0,0.974,0.973
argument-feedback,50,0.349,0.46,0.822,0.16,0.153,1.0,0.783,1.242,0.972
PKU-SafeRLHF/safety,50,0.7,0.2,0.803,0.37,0.121,1.0,0.867,1.118,0.97
multilingual/clue/afqmc,50,0.719,0.1,0.786,0.261,0.084,1.0,0.837,1.156,0.967
multilingual/NusaX-senti/ban,50,0.73,0.16,0.794,0.228,0.21,1.0,0.819,1.18,0.967
tweet_eval/stance_atheism,50,0.473,0.24,0.766,0.28,0.408,0.892,0.962,1.126,0.966
winodict,50,0.731,0.16,0.852,0.205,0.354,0.946,0.817,1.249,0.966
blog_authorship_corpus/gender,50,0.653,0.12,0.704,0.172,0.376,0.924,0.933,1.118,0.964
ruletaker,50,0.757,0.18,0.837,0.179,0.102,1.0,0.772,1.248,0.963
yahoo_answers_topics,50,0.614,0.1,0.704,0.428,0.266,1.0,0.973,0.99,0.963
multilingual/clue/tnews,50,0.561,0.22,0.677,0.427,0.246,1.0,0.999,0.964,0.963
hh-rlhf/helpful-base,50,0.693,0.16,0.735,0.28,0.168,1.0,0.879,1.095,0.962
robust_nli/PI_SP,50,0.762,0.18,0.855,0.194,0.095,1.0,0.765,1.258,0.962
gen_debiased_nli/mnli_z_aug,50,0.747,0.2,0.85,0.268,0.086,1.0,0.79,1.216,0.961
multilingual/indic_glue/iitp-pr.hi/sentiment,50,0.712,0.06,0.75,0.236,0.104,1.0,0.848,1.132,0.96
IntentGrasp/all,50,0.39,0.32,0.756,0.219,0.316,0.984,0.851,1.146,0.96
cnli,50,0.755,0.18,0.831,0.192,0.093,1.0,0.777,1.235,0.959
pragmeval/persuasiveness-specificity,50,0.585,0.36,0.684,0.342,0.348,0.952,0.992,1.013,0.957
cycic_multiplechoice,50,0.759,0.14,0.847,0.2,0.304,0.996,0.77,1.247,0.956
crowdflower/corporate-messaging,50,0.662,0.1,0.726,0.382,0.132,1.0,0.922,1.035,0.954
ReSQ,50,0.716,0.16,0.706,0.146,0.294,1.0,0.841,1.133,0.953
multilingual/xcsr/X-CSQA-fr,50,0.731,0.12,0.833,0.308,0.314,0.986,0.817,1.179,0.95
Prompt-injection-dataset/full,50,0.668,0.1,0.738,0.401,0.217,1.0,0.914,1.038,0.949
multilingual/offenseval_dravidian/tamil,50,0.498,0.44,0.754,0.236,0.451,0.849,0.983,1.136,0.948
cloth,50,0.731,0.08,0.823,0.326,0.146,1.0,0.817,1.16,0.948
multilingual/oasst1_pairwise_rlhf_reward,50,0.693,0.12,0.73,0.303,0.096,1.0,0.878,1.078,0.947
circa,50,0.704,0.14,0.782,0.208,0.367,0.933,0.861,1.178,0.947
feasibilityQA,50,0.769,0.1,0.842,0.176,0.292,1.0,0.753,1.254,0.944
gen_debiased_nli/mnli_seq_z,50,0.756,0.26,0.846,0.262,0.176,1.0,0.775,1.215,0.942
glue/cola,50,0.608,0.16,0.65,0.217,0.375,0.925,0.978,1.041,0.942
hover,50,0.666,0.06,0.79,0.226,0.427,0.873,0.917,1.177,0.942
multilingual/AfriSenti-twitter-sentiment/twi,50,0.475,0.36,0.784,0.387,0.406,0.894,0.964,1.09,0.94
proto_qa/proto_qa,49,0.404,0.327,0.722,0.294,0.138,1.0,0.873,1.075,0.939
linguisticprobing/coordination_inversion,50,0.561,0.82,0.542,0.209,0.26,1.0,0.999,0.938,0.937
open_question_type,50,0.455,0.34,0.713,0.44,0.159,1.0,0.942,0.993,0.936
humicroedit/subtask-1,50,0.332,0.84,0.824,0.167,0.092,1.0,0.754,1.24,0.936
go_emotions/simplified,50,0.336,0.44,0.836,0.214,0.291,1.0,0.761,1.229,0.935
multilingual/xcsr/X-CSQA-zh,50,0.599,0.18,0.768,0.31,0.447,0.853,0.984,1.113,0.934
defeasible-nli/snli,50,0.685,0.26,0.788,0.168,0.43,0.87,0.891,1.204,0.933
twentyquestions,50,0.491,0.42,0.727,0.254,0.432,0.868,0.978,1.1,0.933
path-naturalness-prediction,50,0.677,0.08,0.81,0.28,0.418,0.882,0.902,1.17,0.931
tweet_eval/offensive,50,0.662,0.22,0.742,0.297,0.378,0.922,0.922,1.094,0.93
scicite,50,0.592,0.16,0.613,0.346,0.242,1.0,0.989,0.94,0.929
multilingual/disrpt/tha.pdtb.tdtb.rels,50,0.415,0.34,0.762,0.44,0.148,1.0,0.891,1.042,0.928
hlgd,50,0.353,0.08,0.847,0.348,0.079,1.0,0.79,1.173,0.927
multilingual/xcsr/X-CSQA-pt,50,0.697,0.08,0.78,0.307,0.36,0.94,0.872,1.126,0.923
linguisticprobing/odd_man_out,50,0.59,0.12,0.562,0.261,0.21,1.0,0.989,0.932,0.922
procedural-typed-decisions/entity_belief_tracking,50,0.797,0.1,0.893,0.174,0.061,1.0,0.705,1.306,0.921
multilingual/xcsr/X-CODAH-nl,50,0.75,0.1,0.866,0.384,0.145,1.0,0.785,1.174,0.921
recast_white/fnplus,50,0.727,0.18,0.774,0.31,0.158,1.0,0.823,1.119,0.921
gen_debiased_nli/snli_seq_z,50,0.769,0.16,0.829,0.207,0.105,1.0,0.752,1.226,0.921
lexical_relation_classification/ROOT09,50,0.763,0.08,0.812,0.209,0.096,1.0,0.762,1.208,0.92
oasst2/helpfulness,45,0.368,0.4,0.737,0.221,0.085,1.0,0.815,1.126,0.919
gen_debiased_nli/snli_z_aug,50,0.777,0.24,0.836,0.182,0.073,1.0,0.738,1.245,0.919
citation_intent,50,0.427,0.32,0.659,0.294,0.296,1.0,0.907,1.012,0.918
multilingual/xcsr/X-CSQA-vi,50,0.705,0.12,0.804,0.318,0.368,0.932,0.859,1.145,0.917
nli-veridicality-transitivity,50,0.762,0.26,0.812,0.228,0.067,1.0,0.765,1.198,0.916
twitter-financial-news-sentiment,50,0.677,0.2,0.716,0.264,0.364,0.936,0.902,1.084,0.915
sick/relatedness,46,0.363,0.37,0.781,0.301,0.072,1.0,0.806,1.13,0.912
goal-step-wikihow/order,50,0.621,0.12,0.634,0.274,0.358,0.942,0.967,0.997,0.908
ambient,50,0.707,0.12,0.722,0.325,0.215,1.0,0.857,1.06,0.908
silicone/dyda_da,50,0.672,0.22,0.696,0.404,0.206,1.0,0.909,0.994,0.904
multilingual/masakhanews/orm,50,0.674,0.22,0.744,0.493,0.239,1.0,0.906,0.998,0.904
glue/mnli,50,0.779,0.22,0.846,0.24,0.102,1.0,0.735,1.226,0.902
HatemojiBuild,50,0.723,0.14,0.765,0.319,0.317,0.983,0.83,1.106,0.902
semantic_fragments_nli,50,0.79,0.12,0.852,0.19,0.125,1.0,0.717,1.257,0.901
social_i_qa,50,0.795,0.06,0.874,0.204,0.219,1.0,0.708,1.272,0.901
multilingual/xcsr/X-CODAH-ar,50,0.778,0.18,0.88,0.318,0.164,1.0,0.736,1.221,0.899
scinli,50,0.361,0.32,0.768,0.234,0.328,0.972,0.804,1.151,0.899
crowdflower/political-media-bias,50,0.76,0.06,0.814,0.289,0.088,1.0,0.768,1.17,0.899
health_fact,50,0.503,0.22,0.666,0.212,0.44,0.86,0.986,1.06,0.899
multilingual/NusaX-senti/bjn,50,0.763,0.12,0.798,0.254,0.13,1.0,0.762,1.171,0.893
logical-fallacy,47,0.402,0.34,0.832,0.174,0.481,0.819,0.87,1.245,0.887
multilingual/xcsr/X-CSQA-ru,50,0.666,0.16,0.776,0.3,0.442,0.858,0.917,1.126,0.886
lexical_relation_classification/CogALexV,50,0.76,0.1,0.812,0.318,0.11,1.0,0.768,1.153,0.886
multilingual/xcsr/X-CODAH-pt,50,0.774,0.18,0.89,0.398,0.108,1.0,0.744,1.191,0.886
pragmeval/verifiability,50,0.369,0.38,0.731,0.258,0.317,0.983,0.816,1.102,0.884
multilingual/xcsr/X-CSQA-jap,50,0.635,0.24,0.782,0.262,0.495,0.805,0.954,1.151,0.884
dynahate,50,0.64,0.2,0.748,0.271,0.463,0.837,0.948,1.112,0.883
summarize_from_feedback/comparisons,50,0.699,0.18,0.698,0.364,0.178,1.0,0.869,1.016,0.883
mc_taco,50,0.722,0.16,0.809,0.495,0.294,1.0,0.832,1.062,0.883
crowdflower/tweet_global_warming,50,0.767,0.26,0.823,0.31,0.126,1.0,0.755,1.168,0.882
lex_glue/unfair_tos,50,0.73,0.14,0.675,0.196,0.231,1.0,0.819,1.077,0.882
multilingual/xcsr/X-CSQA-sw,50,0.413,0.42,0.781,0.318,0.415,0.885,0.887,1.122,0.881
lifecycle-entailment,50,0.761,0.1,0.789,0.288,0.208,1.0,0.765,1.145,0.876
UltraFeedback-paired,50,0.738,0.14,0.734,0.292,0.227,1.0,0.805,1.088,0.876
super_glue/cb,50,0.767,0.16,0.834,0.346,0.154,1.0,0.755,1.161,0.876
prm800k_dpo/step,50,0.736,0.2,0.74,0.315,0.229,1.0,0.808,1.082,0.875
multilingual/paws-x/ko,50,0.726,0.08,0.769,0.419,0.126,1.0,0.826,1.06,0.875
babi_nli/compound-coreference,50,0.787,0.32,0.816,0.214,0.06,1.0,0.722,1.209,0.873
BeaverTails,50,0.752,0.06,0.736,0.242,0.102,1.0,0.781,1.115,0.871
commonsense_qa,50,0.776,0.06,0.846,0.342,0.141,1.0,0.741,1.175,0.87
multilingual/xcsr/X-CSQA-es,50,0.77,0.16,0.828,0.343,0.229,1.0,0.751,1.156,0.869
lewidi/hs_brexit,48,0.764,0.167,0.754,0.228,0.218,1.0,0.761,1.14,0.868
sherliic,50,0.767,0.22,0.808,0.322,0.107,1.0,0.756,1.147,0.867
multilingual/NusaX-senti/min,50,0.77,0.14,0.782,0.254,0.147,1.0,0.75,1.155,0.866
procedural-typed-decisions/taxonomy_routing,50,0.767,0.2,0.711,0.132,0.108,1.0,0.755,1.145,0.865
medical_questions_pairs,50,0.741,0.12,0.743,0.326,0.072,1.0,0.801,1.08,0.865
tweet_eval/stance_hillary,50,0.709,0.28,0.77,0.295,0.398,0.902,0.854,1.122,0.864
com2sense,50,0.772,0.14,0.769,0.178,0.32,0.98,0.748,1.18,0.864
dataset_train_nli,50,0.741,0.16,0.744,0.33,0.211,1.0,0.8,1.079,0.863
SChem_Disagreement,50,0.314,0.12,0.786,0.187,0.118,1.0,0.723,1.193,0.862
glue/mrpc,50,0.763,0.16,0.782,0.302,0.194,1.0,0.763,1.131,0.862
babi_nli/two-supporting-facts,50,0.791,0.28,0.814,0.221,0.071,1.0,0.714,1.204,0.86
nli4ct_semeval2024,49,0.738,0.041,0.776,0.221,0.384,0.916,0.806,1.166,0.86
procedural-typed-decisions/state_perturbation,50,0.698,0.2,0.61,0.246,0.083,1.0,0.871,0.987,0.859
multilingual/xcsr/X-CODAH-ru,50,0.785,0.16,0.882,0.395,0.13,1.0,0.724,1.184,0.858
prompt-injections,50,0.716,0.16,0.72,0.402,0.197,1.0,0.841,1.019,0.857
arct,50,0.689,0.16,0.783,0.258,0.46,0.84,0.883,1.154,0.856
utilitarianism,50,0.555,0.42,0.726,0.225,0.532,0.768,1.0,1.114,0.855
HelpSteer3/feedback,50,0.327,0.82,0.748,0.204,0.182,1.0,0.745,1.146,0.854
conceptrules_v2,50,0.761,0.2,0.717,0.206,0.156,1.0,0.765,1.114,0.852
recast/recast_ner,50,0.734,0.2,0.752,0.413,0.212,1.0,0.813,1.046,0.849
pragmeval/emobank-dominance,50,0.651,0.12,0.754,0.186,0.52,0.78,0.936,1.161,0.848
MOH,50,0.771,0.08,0.766,0.27,0.116,1.0,0.749,1.131,0.847
multilingual/paws-x/de,50,0.758,0.1,0.782,0.373,0.104,1.0,0.771,1.096,0.845
multilingual/NusaX-senti/sun,50,0.785,0.1,0.782,0.233,0.1,1.0,0.725,1.166,0.844
multilingual/xglue/qam,50,0.694,0.12,0.648,0.37,0.19,1.0,0.876,0.963,0.844
multilingual/offenseval_dravidian/malayalam,50,0.43,0.5,0.692,0.308,0.408,0.892,0.911,1.038,0.843
dadc-limit-nli,50,0.776,0.06,0.838,0.322,0.332,0.968,0.739,1.177,0.842
headline_cause/en_simple,50,0.758,0.1,0.822,0.461,0.227,1.0,0.771,1.092,0.842
ethos/multilabel,50,0.796,0.16,0.802,0.23,0.269,1.0,0.707,1.187,0.839
gen_debiased_nli/snli_par_z,50,0.807,0.24,0.836,0.23,0.074,1.0,0.687,1.221,0.839
babi_nli/counting,50,0.804,0.22,0.804,0.192,0.169,1.0,0.694,1.208,0.838
multilingual/xcsr/X-CSQA-en,50,0.775,0.06,0.838,0.422,0.156,1.0,0.742,1.127,0.837
multilingual/xcopa/translation-ht,50,0.766,0.12,0.811,0.399,0.307,0.993,0.756,1.112,0.835
multilingual/paws-x/es,50,0.772,0.12,0.792,0.353,0.124,1.0,0.748,1.116,0.834
recast_white/sprl,50,0.79,0.04,0.815,0.308,0.156,1.0,0.716,1.161,0.831
multilingual/disrpt/nld.rst.nldt.rels,50,0.314,0.34,0.796,0.295,0.14,1.0,0.723,1.148,0.83
pragmeval/stac,50,0.356,0.52,0.674,0.26,0.241,1.0,0.795,1.044,0.83
crowdflower/text_emotion,50,0.291,0.58,0.822,0.218,0.179,1.0,0.684,1.213,0.83
multilingual/xcsr/X-CODAH-zh,50,0.805,0.1,0.878,0.366,0.114,1.0,0.692,1.195,0.827
scifact_entailment,50,0.773,0.1,0.777,0.334,0.286,1.0,0.745,1.11,0.827
ethos/binary,50,0.78,0.12,0.757,0.267,0.26,1.0,0.734,1.124,0.825
glue/wnli,50,0.801,0.12,0.836,0.306,0.07,1.0,0.697,1.183,0.825
brainteasers/WP,50,0.413,0.36,0.72,0.229,0.458,0.842,0.887,1.106,0.825
robust_nli/ST_SE,50,0.814,0.16,0.842,0.25,0.128,1.0,0.677,1.217,0.824
pragmeval/gum,50,0.328,0.44,0.792,0.376,0.161,1.0,0.747,1.104,0.824
rumoureval_2019/RumourEval2019,50,0.691,0.2,0.73,0.438,0.376,0.924,0.882,1.011,0.823
multilingual/disrpt/por.rst.cstn.rels,50,0.348,0.36,0.754,0.409,0.191,1.0,0.782,1.05,0.82
acceptability-prediction/binary_votes,50,0.722,0.08,0.681,0.397,0.175,1.0,0.833,0.982,0.818
lingnli,50,0.823,0.16,0.855,0.246,0.1,1.0,0.663,1.232,0.816
brainteasers/SP,50,0.414,0.32,0.717,0.233,0.468,0.832,0.888,1.1,0.813
multilingual/paws-x/zh,50,0.779,0.06,0.79,0.368,0.085,1.0,0.735,1.106,0.813
HelpSteer/correctness,50,0.309,0.46,0.756,0.242,0.276,1.0,0.715,1.135,0.811
HelpSteer2/correctness,50,0.308,0.42,0.736,0.202,0.22,1.0,0.713,1.135,0.809
art,50,0.793,0.04,0.847,0.419,0.112,1.0,0.711,1.138,0.809
Pol_NLI,50,0.796,0.08,0.807,0.324,0.092,1.0,0.705,1.145,0.808
ShellRisk-Bench,50,0.791,0.04,0.766,0.268,0.062,1.0,0.714,1.132,0.808
auditor_review,50,0.772,0.16,0.71,0.26,0.062,1.0,0.748,1.08,0.807
toxic_conversations,50,0.787,0.16,0.774,0.312,0.091,1.0,0.721,1.118,0.806
snli,50,0.831,0.2,0.828,0.177,0.074,1.0,0.65,1.239,0.806
google_wellformed_query,50,0.617,0.06,0.594,0.53,0.171,1.0,0.97,0.829,0.805
hans,50,0.783,0.16,0.806,0.401,0.068,1.0,0.728,1.106,0.805
strategy-qa,50,0.811,0.04,0.806,0.25,0.264,1.0,0.681,1.181,0.804
hate_speech_offensive,50,0.77,0.14,0.742,0.341,0.265,1.0,0.751,1.072,0.804
acceptability-prediction,50,0.718,0.06,0.649,0.378,0.266,1.0,0.838,0.96,0.804
AES2-essay-scoring,50,0.295,0.92,0.75,0.182,0.151,1.0,0.692,1.159,0.802
HelpSteer3/preference_strength,50,0.35,0.44,0.751,0.265,0.387,0.913,0.785,1.118,0.801
robust_nli/ST_LM,50,0.815,0.12,0.833,0.302,0.252,1.0,0.675,1.182,0.798
multilingual/offenseval_2020/da,50,0.802,0.1,0.804,0.322,0.159,1.0,0.696,1.143,0.796
oasst2/quality,49,0.304,0.653,0.729,0.205,0.172,1.0,0.705,1.126,0.795
doc-nli,50,0.795,0.1,0.801,0.355,0.144,1.0,0.708,1.124,0.795
clutrr,50,0.319,0.22,0.899,0.086,0.499,0.801,0.731,1.356,0.794
tweet_eval/emotion,50,0.794,0.1,0.821,0.409,0.253,1.0,0.709,1.116,0.792
robust_nli/LI_LI,50,0.811,0.3,0.815,0.308,0.092,1.0,0.681,1.161,0.791
multilingual/xcopa/sw,50,0.792,0.16,0.782,0.349,0.222,1.0,0.713,1.108,0.79
multilingual/paws-x/fr,50,0.79,0.08,0.787,0.372,0.138,1.0,0.716,1.101,0.788
multilingual/masakhanews/lin,50,0.772,0.14,0.778,0.444,0.224,1.0,0.746,1.056,0.788
hyperpartisan_news,50,0.693,0.26,0.767,0.422,0.452,0.848,0.878,1.056,0.787
HelpSteer2/helpfulness,50,0.313,0.74,0.727,0.276,0.16,1.0,0.722,1.089,0.786
multilingual/disrpt/spa.rst.rststb.rels,50,0.289,0.3,0.78,0.256,0.122,1.0,0.682,1.152,0.785
HelpSteer3/principle,50,0.739,0.08,0.68,0.256,0.37,0.93,0.803,1.052,0.785
multilingual/xcsr/X-CODAH-es,50,0.83,0.22,0.888,0.366,0.119,1.0,0.651,1.205,0.785
riddle_sense,50,0.858,0.1,0.871,0.167,0.285,1.0,0.609,1.288,0.784
multilingual/exams/multilingual,50,0.796,0.1,0.744,0.27,0.121,1.0,0.706,1.109,0.783
multilingual/indic_glue/bbca.hi/news,50,0.425,0.18,0.678,0.617,0.305,0.995,0.904,0.869,0.782
quartz,50,0.83,0.06,0.841,0.284,0.159,1.0,0.652,1.199,0.781
autotnli,50,0.782,0.18,0.728,0.317,0.3,1.0,0.729,1.07,0.78
PromptShield,50,0.736,0.08,0.712,0.503,0.224,1.0,0.809,0.96,0.777
multilingual/xcsr/X-CODAH-de,50,0.835,0.12,0.89,0.372,0.066,1.0,0.644,1.204,0.775
prompt-injection-dataset,50,0.75,0.1,0.694,0.412,0.092,1.0,0.784,0.988,0.775
synthetic-retrieval-NLI/count,50,0.762,0.14,0.66,0.29,0.29,1.0,0.764,1.015,0.775
poem_sentiment,50,0.414,0.18,0.738,0.229,0.527,0.773,0.888,1.124,0.771
sciie,50,0.417,0.22,0.682,0.294,0.466,0.834,0.893,1.035,0.771
scitail/snli_format,50,0.829,0.12,0.82,0.275,0.068,1.0,0.652,1.182,0.771
crowdflower/airline-sentiment,50,0.805,0.08,0.806,0.388,0.092,1.0,0.691,1.112,0.769
moral_stories/full,50,0.851,0.08,0.856,0.231,0.245,1.0,0.62,1.24,0.769
it-support-tickets,50,0.541,0.18,0.562,0.366,0.426,0.874,0.999,0.879,0.768
multilingual/NusaX-senti/ind,50,0.803,0.12,0.765,0.321,0.048,1.0,0.695,1.104,0.767
multilingual/MLMA_hate_speech,50,0.313,0.44,0.796,0.202,0.412,0.888,0.721,1.195,0.765
emo/emo2019,50,0.503,0.3,0.794,0.159,0.662,0.638,0.985,1.215,0.763
HelpSteer2/complexity,50,0.318,0.54,0.68,0.273,0.18,1.0,0.731,1.044,0.762
multilingual/disrpt/fas.rst.prstc.rels,50,0.286,0.48,0.776,0.305,0.225,1.0,0.677,1.124,0.761
esci,50,0.415,0.58,0.644,0.25,0.461,0.839,0.889,1.019,0.76
wiqa,50,0.484,0.32,0.836,0.265,0.651,0.649,0.971,1.203,0.759
MedQA-USMLE-4-options-hf,50,0.861,0.1,0.83,0.153,0.126,1.0,0.604,1.254,0.758
breaking_nli,50,0.828,0.28,0.804,0.29,0.084,1.0,0.654,1.159,0.758
english-grading/cohesion,50,0.308,0.54,0.624,0.125,0.136,1.0,0.713,1.062,0.757
multilingual/masakhanews/eng,50,0.735,0.16,0.745,0.626,0.119,1.0,0.81,0.932,0.755
clcd-english,50,0.845,0.02,0.812,0.224,0.164,1.0,0.628,1.2,0.754
multilingual/paws-x/en,50,0.798,0.1,0.778,0.411,0.092,1.0,0.702,1.072,0.753
linguisticprobing/bigram_shift,50,0.733,0.16,0.619,0.387,0.242,1.0,0.813,0.926,0.752
multilingual/disrpt/eus.rst.ert.rels,50,0.278,0.4,0.778,0.292,0.196,1.0,0.663,1.132,0.751
multilingual/NusaX-senti/jav,50,0.823,0.12,0.792,0.325,0.092,1.0,0.662,1.13,0.748
multilingual/xcopa/ht,50,0.82,0.12,0.792,0.342,0.259,1.0,0.666,1.121,0.747
pragmeval/persuasiveness-eloquence,50,0.728,0.14,0.664,0.382,0.368,0.932,0.823,0.973,0.746
fool-me-twice,50,0.814,0.0,0.788,0.336,0.316,0.984,0.676,1.12,0.746
multilingual/xcopa/th,50,0.819,0.16,0.808,0.385,0.301,0.999,0.668,1.116,0.745
recast/recast_sentiment,50,0.857,0.16,0.846,0.252,0.056,1.0,0.61,1.22,0.744
tweet_eval/irony,50,0.808,0.2,0.786,0.404,0.282,1.0,0.686,1.084,0.744
ade_corpus_v2/Ade_corpus_v2_classification,50,0.778,0.0,0.692,0.362,0.107,1.0,0.736,1.011,0.744
multilingual/masakhanews/tir,50,0.788,0.08,0.758,0.452,0.236,1.0,0.719,1.032,0.742
HelpSteer/helpfulness,50,0.29,0.58,0.762,0.355,0.225,1.0,0.683,1.084,0.741
lsat-rc,50,0.874,0.04,0.909,0.294,0.102,1.0,0.587,1.262,0.741
paws/labeled_swap,50,0.799,0.04,0.777,0.446,0.105,1.0,0.702,1.054,0.74
discosense,50,0.432,0.32,0.738,0.242,0.578,0.722,0.914,1.117,0.737
cycic_classification,50,0.881,0.06,0.862,0.172,0.142,1.0,0.577,1.276,0.736
commonsense_qa_2.0,50,0.655,0.1,0.699,0.206,0.58,0.72,0.931,1.096,0.734
multilingual/klue/nli,50,0.853,0.06,0.834,0.285,0.073,1.0,0.616,1.192,0.734
multilingual/indic_glue/sna.bn/news,50,0.534,0.22,0.713,0.497,0.538,0.762,0.998,0.965,0.734
multilingual/xstory_cloze/my,50,0.843,0.16,0.836,0.352,0.098,1.0,0.631,1.16,0.732
scone,50,0.867,0.1,0.833,0.213,0.072,1.0,0.597,1.226,0.732
pragmeval/emobank-valence,50,0.856,0.12,0.792,0.196,0.254,1.0,0.612,1.194,0.731
starcon,50,0.824,0.04,0.764,0.316,0.195,1.0,0.661,1.106,0.731
multilingual/xcsr/X-CODAH-it,50,0.852,0.14,0.874,0.382,0.09,1.0,0.617,1.183,0.73
multilingual/masakhanews/fra,50,0.75,0.12,0.738,0.623,0.17,1.0,0.785,0.926,0.728
multilingual/NusaX-senti/eng,50,0.823,0.0,0.77,0.342,0.055,1.0,0.663,1.099,0.728
FLUTE,50,0.861,0.06,0.825,0.245,0.25,1.0,0.604,1.202,0.727
lex_glue/scotus,50,0.644,0.26,0.67,0.692,0.367,0.933,0.944,0.824,0.726
super_glue/axg,50,0.864,0.06,0.83,0.24,0.06,1.0,0.6,1.21,0.726
HelpSteer/complexity,50,0.28,0.72,0.741,0.314,0.23,1.0,0.668,1.084,0.724
hope_edi/english,50,0.686,0.18,0.694,0.295,0.521,0.779,0.888,1.046,0.724
multilingual/xcopa/ta,50,0.829,0.2,0.803,0.39,0.222,1.0,0.653,1.108,0.723
tasksource_dpo_pairs,50,0.811,0.08,0.718,0.316,0.262,1.0,0.682,1.06,0.723
multilingual/xcopa/translation-sw,50,0.818,0.08,0.796,0.33,0.348,0.952,0.67,1.131,0.722
super_glue/boolq_passage,50,0.772,0.1,0.742,0.346,0.398,0.902,0.747,1.069,0.72
glue/qqp,50,0.777,0.1,0.639,0.331,0.179,1.0,0.739,0.974,0.719
definite_pronoun_resolution,50,0.879,0.04,0.862,0.254,0.096,1.0,0.58,1.235,0.716
wice,50,0.635,0.06,0.678,0.228,0.597,0.703,0.954,1.064,0.714
HelpSteer2/verbosity,50,0.319,0.74,0.646,0.348,0.17,1.0,0.731,0.972,0.711
multilingual/xcsr/X-CODAH-fr,50,0.872,0.06,0.888,0.366,0.068,1.0,0.589,1.205,0.71
implicatures,50,0.85,0.08,0.771,0.215,0.32,0.98,0.621,1.164,0.708
multilingual/offenseval_2020/tr,50,0.86,0.06,0.809,0.288,0.144,1.0,0.606,1.165,0.706
multilingual/mtop,50,0.731,0.14,0.492,0.254,0.16,1.0,0.816,0.865,0.706
race-c,50,0.874,0.04,0.867,0.333,0.132,1.0,0.587,1.2,0.705
race/high,50,0.88,0.1,0.858,0.28,0.132,1.0,0.579,1.218,0.705
multilingual/masakhanews/yor,50,0.789,0.12,0.739,0.521,0.196,1.0,0.718,0.978,0.702
multilingual/xcopa/translation-tr,50,0.864,0.08,0.828,0.324,0.198,1.0,0.601,1.166,0.701
winogrande/winogrande_xl,50,0.894,0.14,0.857,0.218,0.172,1.0,0.561,1.248,0.7
multilingual/offenseval_2020/ar,50,0.848,0.08,0.79,0.338,0.09,1.0,0.624,1.121,0.7
prm800k_dpo/solution,50,0.868,0.14,0.786,0.224,0.096,1.0,0.595,1.174,0.698
multilingual/masakhanews/ibo,50,0.759,0.22,0.714,0.616,0.242,1.0,0.769,0.906,0.697
pragmeval/squinky-informativeness,50,0.765,0.26,0.638,0.25,0.394,0.906,0.759,1.013,0.696
multilingual/xcsr/X-CODAH-en,50,0.879,0.02,0.878,0.369,0.078,1.0,0.581,1.194,0.693
multilingual/masakhanews/swa,50,0.81,0.16,0.76,0.497,0.243,1.0,0.683,1.012,0.691
args_me,50,0.717,0.18,0.735,0.374,0.516,0.784,0.841,1.048,0.691
amazon_counterfactual/en,50,0.827,0.04,0.692,0.282,0.172,1.0,0.656,1.051,0.69
babi_nli/two-arg-relations,50,0.879,0.0,0.828,0.279,0.157,1.0,0.58,1.188,0.689
reclor,50,0.939,0.04,0.93,0.172,0.06,1.0,0.512,1.344,0.688
multilingual/offenseval_dravidian/kannada,50,0.438,0.24,0.652,0.344,0.539,0.761,0.922,0.98,0.687
lonli,50,0.902,0.02,0.852,0.219,0.057,1.0,0.552,1.242,0.686
add_one_rte,50,0.855,0.04,0.803,0.374,0.082,1.0,0.614,1.116,0.685
sms_spam,50,0.604,0.32,0.661,0.251,0.626,0.674,0.981,1.036,0.684
robust_nli_is_sd,50,0.852,0.16,0.814,0.414,0.062,1.0,0.617,1.107,0.683
babi_nli/time-reasoning,50,0.892,0.04,0.816,0.208,0.088,1.0,0.563,1.212,0.682
procedural-typed-decisions/record_aggregation,50,0.806,0.16,0.54,0.108,0.078,1.0,0.689,0.986,0.68
civil_comments/toxicity_share,47,0.769,0.106,0.681,0.262,0.44,0.86,0.753,1.05,0.68
civil_comments/insult_share,49,0.778,0.143,0.684,0.227,0.44,0.86,0.738,1.071,0.679
multilingual/massive,50,0.744,0.22,0.496,0.287,0.215,1.0,0.795,0.852,0.678
HelpSteer/verbosity,50,0.327,0.34,0.65,0.478,0.214,1.0,0.745,0.911,0.678
pragmeval/squinky-formality,50,0.795,0.02,0.732,0.53,0.312,0.988,0.707,0.967,0.676
quarel,50,0.92,0.06,0.895,0.246,0.158,1.0,0.531,1.272,0.675
CREAK,50,0.857,0.06,0.728,0.226,0.312,0.988,0.611,1.115,0.673
cos_e/v1.0,50,0.867,0.02,0.833,0.411,0.186,1.0,0.597,1.128,0.673
multilingual/xstory_cloze/te,50,0.894,0.06,0.845,0.29,0.119,1.0,0.561,1.2,0.673
oasst2/violence,49,0.766,0.02,0.651,0.528,0.277,1.0,0.757,0.887,0.671
glue/rte,50,0.875,0.06,0.81,0.332,0.064,1.0,0.585,1.144,0.669
linguisticprobing/subj_number,50,0.688,0.16,0.547,0.59,0.188,1.0,0.885,0.752,0.666
trec,50,0.442,0.3,0.503,0.527,0.328,0.972,0.927,0.74,0.666
crowdflower/political-media-message,50,0.221,0.42,0.77,0.245,0.162,1.0,0.58,1.148,0.666
babi_nli/basic-deduction,50,0.891,0.06,0.833,0.314,0.084,1.0,0.565,1.176,0.665
multilingual/disrpt/fra.sdrt.annodis.rels,49,0.237,0.49,0.745,0.292,0.215,1.0,0.603,1.099,0.662
fig-qa,50,0.907,0.04,0.831,0.232,0.191,1.0,0.545,1.215,0.662
oasst2/creativity,49,0.235,0.327,0.709,0.213,0.155,1.0,0.599,1.102,0.66
babi_nli/size-reasoning,50,0.91,0.04,0.843,0.267,0.102,1.0,0.542,1.21,0.656
paws/labeled_final,50,0.857,0.1,0.786,0.426,0.112,1.0,0.611,1.073,0.656
multilingual/indic_glue/inltkh,50,0.634,0.2,0.684,0.41,0.599,0.701,0.955,0.979,0.655
pragmeval/pdtb,50,0.199,0.58,0.805,0.241,0.162,1.0,0.553,1.184,0.655
github-issue-similarity,50,0.836,0.02,0.706,0.379,0.224,1.0,0.642,1.016,0.653
conll2003/ner_tags,50,0.716,0.18,0.539,0.527,0.156,1.0,0.842,0.776,0.653
babi_nli/lists-sets,50,0.907,0.1,0.8,0.212,0.062,1.0,0.546,1.194,0.652
robust_nli_li_ts,50,0.894,0.1,0.803,0.284,0.179,1.0,0.561,1.161,0.651
multilingual/wili_2018,50,0.748,0.18,0.564,0.484,0.156,1.0,0.787,0.822,0.647
stackoverflow-questions,50,0.278,0.3,0.568,0.188,0.206,1.0,0.664,0.974,0.647
banking77,50,0.749,0.18,0.528,0.408,0.128,1.0,0.786,0.824,0.647
multilingual/xcopa/translation-et,50,0.909,0.02,0.847,0.316,0.245,1.0,0.543,1.189,0.646
wiki_hop/original,50,0.351,0.42,0.597,0.274,0.446,0.854,0.786,0.96,0.644
procedural-typed-decisions/evidence_sufficiency,50,0.913,0.02,0.776,0.166,0.068,1.0,0.539,1.193,0.643
resnli,50,0.911,0.06,0.832,0.288,0.295,1.0,0.541,1.188,0.643
seahorse_summarization_evaluation,50,0.627,0.36,0.648,0.33,0.62,0.68,0.961,0.983,0.643
super_glue/multirc,50,0.814,0.14,0.748,0.344,0.417,0.883,0.676,1.076,0.642
hate_speech18,50,0.747,0.14,0.714,0.334,0.524,0.776,0.79,1.047,0.641
multilingual/disrpt/rus.rst.rrt.rels,50,0.232,0.58,0.758,0.37,0.174,1.0,0.596,1.073,0.639
multilingual/xglue/wpr,50,0.226,0.42,0.747,0.318,0.24,1.0,0.587,1.088,0.638
prost,50,0.931,0.08,0.896,0.344,0.057,1.0,0.519,1.224,0.635
synthetic-retrieval-NLI/position,50,0.775,0.06,0.609,0.364,0.378,0.922,0.742,0.927,0.634
PARADISE,50,0.779,0.08,0.752,0.514,0.437,0.863,0.736,0.995,0.632
lex_glue/case_hold,50,0.667,0.16,0.692,0.439,0.592,0.708,0.916,0.972,0.63
race/middle,50,0.91,0.04,0.796,0.267,0.184,1.0,0.542,1.162,0.63
Touche23-ValueEval,50,0.928,0.02,0.855,0.3,0.094,1.0,0.523,1.205,0.63
english-grading/vocabulary,50,0.235,0.94,0.616,0.128,0.17,1.0,0.599,1.052,0.63
babi_nli/three-arg-relations,50,0.875,0.02,0.762,0.376,0.122,1.0,0.586,1.074,0.629
babi_nli/conjunction,50,0.936,0.06,0.806,0.195,0.064,1.0,0.515,1.209,0.622
multilingual/xcopa/tr,50,0.905,0.06,0.802,0.348,0.151,1.0,0.548,1.128,0.619
mutual,50,0.854,0.12,0.84,0.198,0.488,0.812,0.614,1.241,0.619
rotten_tomatoes,50,0.903,0.02,0.804,0.358,0.066,1.0,0.55,1.125,0.619
ScienceQA_text_only,50,0.887,0.1,0.772,0.369,0.146,1.0,0.569,1.088,0.619
biosift-nli,50,0.833,0.12,0.712,0.51,0.112,1.0,0.647,0.957,0.619
sen-making/2,50,0.947,0.02,0.879,0.312,0.142,1.0,0.504,1.223,0.617
mctest-nli,50,0.9,0.04,0.795,0.337,0.314,0.986,0.554,1.126,0.616
multilingual/xstory_cloze/sw,50,0.935,0.06,0.852,0.311,0.096,1.0,0.515,1.196,0.616
qasc,50,0.888,0.08,0.802,0.444,0.262,1.0,0.569,1.08,0.614
contract-nli/contractnli_b/full,50,0.788,0.2,0.788,0.184,0.587,0.713,0.721,1.196,0.614
multilingual/xglue/nc,50,0.713,0.08,0.593,0.738,0.262,1.0,0.847,0.724,0.613
wildguardmix-cleaned/prompt_harm,50,0.872,0.1,0.712,0.35,0.065,1.0,0.59,1.037,0.611
dream,50,0.927,0.04,0.768,0.207,0.078,1.0,0.524,1.164,0.61
multilingual/xcopa/vi,50,0.917,0.0,0.832,0.385,0.125,1.0,0.534,1.14,0.609
openbookqa,50,0.913,0.04,0.836,0.411,0.181,1.0,0.539,1.13,0.609
multilingual/xcopa/translation-ta,50,0.884,0.1,0.801,0.4,0.338,0.962,0.573,1.101,0.607
agent_action_safety,50,0.926,0.02,0.78,0.246,0.055,1.0,0.525,1.157,0.607
multilingual/masakhanews/run,50,0.842,0.08,0.744,0.572,0.152,1.0,0.633,0.958,0.606
disrpt/eng.dep.scidtb.rels,50,0.205,0.56,0.712,0.261,0.138,1.0,0.56,1.082,0.605
glue/qnli,50,0.868,0.14,0.71,0.389,0.106,1.0,0.596,1.015,0.605
multilingual/xstory_cloze/eu,50,0.949,0.04,0.855,0.306,0.104,1.0,0.502,1.202,0.604
multilingual/klue/sts,50,0.877,0.06,0.686,0.304,0.198,1.0,0.583,1.034,0.603
jigsaw_toxicity,50,0.887,0.1,0.744,0.374,0.091,1.0,0.57,1.057,0.602
piqa,50,0.891,0.02,0.769,0.409,0.198,1.0,0.565,1.065,0.601
wildguardmix-cleaned/response_harm,50,0.886,0.06,0.716,0.332,0.117,1.0,0.571,1.05,0.6
clinc_oos/plus,50,0.773,0.16,0.481,0.308,0.328,0.972,0.745,0.827,0.598
head_qa/en,50,0.88,0.1,0.667,0.269,0.123,1.0,0.579,1.032,0.598
procedural-typed-decisions/multi_view_adjudication,50,0.9,0.12,0.673,0.188,0.062,1.0,0.553,1.079,0.597
multilingual/xcopa/translation-id,50,0.936,0.02,0.826,0.337,0.212,1.0,0.515,1.158,0.596
wikimedqa/medwiki,50,0.836,0.08,0.747,0.394,0.416,0.884,0.642,1.05,0.596
multilingual/xcopa/translation-it,50,0.924,0.04,0.846,0.428,0.131,1.0,0.527,1.132,0.596
multilingual/xcopa/et,50,0.911,0.08,0.784,0.37,0.166,1.0,0.541,1.099,0.595
docred,50,0.399,0.38,0.586,0.57,0.443,0.857,0.865,0.801,0.594
multilingual/xstory_cloze/es,50,0.964,0.04,0.858,0.291,0.075,1.0,0.489,1.213,0.593
multilingual/xcopa/zh,50,0.949,0.02,0.852,0.348,0.114,1.0,0.502,1.178,0.592
silicone/oasis,49,0.205,0.388,0.669,0.229,0.27,1.0,0.56,1.054,0.591
pragmeval/switchboard,50,0.29,0.4,0.603,0.475,0.289,1.0,0.683,0.865,0.591
multilingual/xstory_cloze/ar,50,0.955,0.02,0.856,0.338,0.098,1.0,0.497,1.187,0.59
multilingual/xcopa/translation-vi,50,0.931,0.04,0.844,0.416,0.112,1.0,0.52,1.136,0.59
multilingual/masakhanews/amh,50,0.852,0.1,0.734,0.562,0.146,1.0,0.618,0.953,0.589
linguisticprobing/obj_number,50,0.688,0.22,0.526,0.424,0.483,0.817,0.886,0.814,0.589
english-grading/grammar,50,0.214,0.8,0.604,0.15,0.166,1.0,0.571,1.029,0.588
babi_nli/basic-coreference,50,0.947,0.04,0.796,0.259,0.058,1.0,0.504,1.166,0.588
multilingual/xcopa/id,50,0.953,0.06,0.846,0.338,0.105,1.0,0.499,1.177,0.587
multilingual/xcopa/it,50,0.949,0.06,0.84,0.352,0.106,1.0,0.503,1.164,0.585
multilingual/indic_glue/wstp,50,0.845,0.04,0.72,0.578,0.176,1.0,0.629,0.931,0.585
financial_phrasebank/sentences_allagree,50,0.903,0.0,0.7,0.282,0.061,1.0,0.551,1.059,0.583
procedural-typed-decisions/event_state_reconstruction,50,0.894,0.04,0.668,0.271,0.08,1.0,0.561,1.033,0.58
ai2_arc/ARC-Challenge/challenge,50,0.972,0.02,0.856,0.316,0.043,1.0,0.483,1.198,0.579
multilingual/xstory_cloze/hi,50,0.967,0.0,0.848,0.32,0.088,1.0,0.487,1.188,0.579
codah/codah,50,0.949,0.04,0.823,0.322,0.31,0.99,0.502,1.162,0.578
english-grading/phraseology,50,0.191,0.88,0.626,0.13,0.21,1.0,0.544,1.061,0.577
hellaswag,50,0.847,0.06,0.725,0.29,0.446,0.854,0.625,1.08,0.577
multilingual/xstory_cloze/ru,50,0.974,0.0,0.854,0.316,0.101,1.0,0.482,1.196,0.576
sen-making/1,50,0.966,0.04,0.887,0.417,0.117,1.0,0.487,1.178,0.574
lex_glue/ledgar,50,0.723,0.14,0.483,0.586,0.242,1.0,0.83,0.69,0.573
SDOH-NLI,50,0.962,0.02,0.798,0.262,0.048,1.0,0.491,1.167,0.573
pragmeval/mrda,50,0.224,0.42,0.664,0.338,0.318,0.982,0.584,0.995,0.57
multilingual/xstory_cloze/zh,50,0.975,0.02,0.848,0.322,0.078,1.0,0.48,1.187,0.57
multilingual/xcopa/translation-th,50,0.859,0.1,0.776,0.324,0.459,0.841,0.607,1.114,0.569
babi_nli/indefinite-knowledge,50,0.959,0.02,0.813,0.326,0.082,1.0,0.493,1.15,0.567
ai2_arc/ARC-Easy/challenge,50,0.956,0.08,0.826,0.375,0.052,1.0,0.496,1.138,0.565
multilingual/xstory_cloze/en,50,0.991,0.0,0.865,0.322,0.05,1.0,0.469,1.204,0.565
multilingual/xstory_cloze/id,50,0.988,0.0,0.856,0.319,0.081,1.0,0.471,1.196,0.564
multilingual/xcopa/translation-zh,50,0.966,0.0,0.851,0.392,0.119,1.0,0.488,1.155,0.564
multilingual/disrpt/zho.rst.gcdt.rels,50,0.15,0.46,0.753,0.254,0.213,1.0,0.501,1.126,0.564
babi_nli/simple-negation,50,0.967,0.02,0.792,0.271,0.084,1.0,0.487,1.156,0.563
liar,50,0.199,0.46,0.588,0.137,0.128,1.0,0.552,1.02,0.563
safe-guard-prompt-injection,50,0.886,0.04,0.702,0.44,0.223,1.0,0.571,0.982,0.561
wnut_17/wnut_17,50,0.831,0.04,0.599,0.478,0.226,1.0,0.649,0.86,0.558
wiki_qa,50,0.885,0.08,0.703,0.465,0.165,1.0,0.572,0.97,0.555
glue/sst2,50,0.966,0.02,0.796,0.318,0.06,1.0,0.488,1.137,0.555
babi_nli/yes-no-questions,50,0.978,0.02,0.782,0.266,0.055,1.0,0.478,1.149,0.549
counterfactually-augmented-imdb,50,0.883,0.06,0.77,0.641,0.119,1.0,0.575,0.95,0.546
discovery/discovery,50,0.047,0.76,0.838,0.178,0.23,1.0,0.436,1.249,0.545
balanced-copa,50,0.992,0.0,0.863,0.404,0.057,1.0,0.468,1.161,0.544
multilingual/x-fact,50,0.251,0.5,0.774,0.263,0.535,0.765,0.622,1.142,0.543
english-grading/syntax,50,0.198,0.86,0.562,0.16,0.162,1.0,0.551,0.982,0.541
babi_nli/single-supporting-fact,50,0.979,0.0,0.772,0.292,0.056,1.0,0.477,1.126,0.538
patent-phrase-similarity,50,0.275,0.3,0.723,0.314,0.536,0.764,0.658,1.066,0.536
civil_comments/identity_attack_share,50,0.91,0.0,0.687,0.242,0.382,0.918,0.543,1.066,0.531
multilingual/disrpt/deu.rst.pcc.rels,50,0.127,0.46,0.781,0.365,0.169,1.0,0.482,1.098,0.53
onestop_qa,50,0.974,0.0,0.762,0.327,0.083,1.0,0.482,1.098,0.529
super_glue/copa,50,0.987,0.0,0.842,0.444,0.087,1.0,0.472,1.12,0.528
sciq,50,0.955,0.02,0.753,0.39,0.071,1.0,0.497,1.058,0.526
multilingual/masakhanews/pcm,50,0.876,0.12,0.704,0.638,0.2,1.0,0.584,0.885,0.517
insincere-questions,50,0.923,0.08,0.65,0.348,0.106,1.0,0.528,0.976,0.516
few_rel/default,50,0.55,0.1,0.628,0.296,0.773,0.527,1.0,0.98,0.516
dgen,50,0.965,0.0,0.756,0.402,0.085,1.0,0.488,1.055,0.515
procedural-typed-decisions/table_lookup,50,0.958,0.06,0.577,0.091,0.05,1.0,0.494,1.031,0.51
goal-step-wikihow/goal,50,0.859,0.08,0.791,0.337,0.556,0.744,0.608,1.122,0.508
procedural-typed-decisions/partial_observation_calibration,48,0.769,0.25,0.857,0.186,0.767,0.533,0.753,1.264,0.507
chatbot_arena_conversations,50,0.751,0.12,0.679,0.444,0.627,0.673,0.782,0.957,0.504
english-grading/conventions,50,0.174,0.74,0.534,0.148,0.16,1.0,0.525,0.96,0.504
toxic-chat/toxicchat0124/jailbreaking,50,0.966,0.04,0.707,0.358,0.072,1.0,0.487,1.028,0.501
imdb,50,0.941,0.04,0.758,0.56,0.084,1.0,0.51,0.978,0.499
amazon_polarity/amazon_polarity,50,0.959,0.04,0.774,0.53,0.077,1.0,0.494,1.009,0.498
ag_news,50,0.873,0.02,0.68,0.678,0.196,1.0,0.588,0.841,0.494
toxic-chat/toxicchat0124/toxicity,50,0.952,0.02,0.702,0.44,0.131,1.0,0.5,0.982,0.491
synthetic-retrieval-NLI/binary,50,0.922,0.0,0.613,0.281,0.348,0.952,0.529,0.972,0.489
civil_comments/threat_share,50,0.924,0.0,0.698,0.311,0.413,0.887,0.527,1.042,0.488
tweets_hate_speech_detection,50,0.92,0.04,0.615,0.438,0.286,1.0,0.531,0.896,0.476
dbpedia_14/dbpedia_14,50,0.958,0.0,0.714,0.52,0.278,1.0,0.494,0.954,0.471
synthetic-instruct-gptj-pairwise,50,0.99,0.0,0.792,0.584,0.161,1.0,0.47,1.0,0.47
wildguardmix-cleaned/response_refusal,50,0.957,0.04,0.691,0.483,0.144,1.0,0.496,0.949,0.47
e-CARE,50,0.933,0.06,0.696,0.329,0.422,0.878,0.518,1.031,0.469
silicone/maptask,48,0.314,0.333,0.568,0.236,0.617,0.683,0.723,0.95,0.469
blog_authorship_corpus/job,50,0.205,0.42,0.71,0.186,0.568,0.732,0.56,1.117,0.458
procedural-typed-decisions/needle_retrieval,50,0.881,0.06,0.365,0.179,0.126,1.0,0.577,0.776,0.448
linguisticprobing/past_present,50,0.803,0.04,0.524,0.766,0.146,1.0,0.695,0.641,0.446
swag/regular,50,0.814,0.18,0.718,0.277,0.709,0.591,0.677,1.08,0.432
snips_built_in_intents,50,0.947,0.02,0.48,0.374,0.088,1.0,0.504,0.793,0.4
missing-item-prediction/contrastive,50,0.993,0.0,0.496,0.21,0.342,0.958,0.468,0.891,0.399
multilingual/tydi-as2-balanced,50,0.898,0.02,0.564,0.401,0.472,0.828,0.556,0.864,0.397
multilingual/miam,50,0.23,0.24,0.479,0.316,0.49,0.81,0.593,0.821,0.394
persuasion,49,0.208,0.837,0.695,0.18,0.677,0.623,0.564,1.105,0.388
tweet_eval/emoji,50,0.186,0.46,0.675,0.203,0.634,0.666,0.537,1.074,0.384
civil_comments/severe_toxicity_share,50,0.837,0.1,0.513,0.286,0.615,0.685,0.641,0.87,0.382
linguisticprobing/top_constituents,50,0.241,0.72,0.39,0.473,0.368,0.932,0.608,0.654,0.37
civil_comments/obscene_share,50,0.937,0.02,0.542,0.344,0.49,0.81,0.513,0.87,0.362
fever-evidence-related,50,0.911,0.06,0.65,0.59,0.584,0.716,0.541,0.855,0.331
chemprot/chemprot_full_source,49,0.095,0.408,0.39,0.306,0.33,0.97,0.46,0.737,0.329
language-identification,50,0.963,0.04,0.492,0.653,0.074,1.0,0.49,0.666,0.326
goal-step-wikihow/step,50,0.948,0.02,0.734,0.42,0.686,0.614,0.503,1.024,0.316
multilingual/language-identification,50,0.986,0.0,0.484,0.748,0.055,1.0,0.473,0.61,0.288
civil_comments/sexual_explicit_share,50,0.969,0.0,0.526,0.508,0.58,0.72,0.486,0.772,0.27
TuringBench,50,0.041,0.74,0.438,0.209,0.747,0.553,0.434,0.833,0.2
linguisticprobing/tree_depth,50,0.144,0.28,0.345,0.204,0.27,0.0,0.496,0.743,0.0
linguisticprobing/sentence_length,50,0.273,0.34,0.443,0.686,0.375,0.0,0.656,0.6,0.0
probability_words_nli/usnli,50,0.632,0.26,0.852,0.26,0.257,0.0,0.956,1.222,0.0
puzzte,50,0.457,0.12,0.87,0.302,0.416,0.0,0.945,1.219,0.0
hover-3way/nli,50,0.378,0.2,0.831,0.194,0.254,0.0,0.832,1.234,0.0
crowdflower/economic-news,50,0.256,0.0,0.796,0.534,0.166,0.0,0.63,1.029,0.0
dialogue_nli,50,0.629,0.36,0.815,0.188,0.089,0.0,0.96,1.221,0.0
silicone/dyda_e,50,0.771,0.2,0.796,0.196,0.202,0.0,0.749,1.198,0.0
silicone/meld_s,50,0.543,0.28,0.792,0.259,0.118,0.0,1.0,1.162,0.0
silicone/meld_e,50,0.623,0.24,0.808,0.21,0.31,0.0,0.966,1.203,0.0
silicone/iemocap,50,0.234,0.42,0.829,0.19,0.328,0.0,0.598,1.234,0.0
SIGA-nli,50,0.427,0.54,0.831,0.258,0.173,0.0,0.907,1.202,0.0
